Member ID,Email Address,Website,Newsletter,Tasting,Winemaker Call Sales - 2016,Tasting Room Visits- 2016,Customer_Segment,Lifetime Value - 2014,Lifetime Value - 2015,Lifetime Value - 2016,Wealth Range Estimate,Status
201400001,kerh34@yahoo.com,0.0,0.0,126.18,0.0,4,Casual Visitor,586.21,200.02,122.98,$400-800k,Continuing
201400002,j.roberts@gmail.com,0.0,0.0,260.14,0.0,3,Casual Visitor,205.29,294.31,315.89,$200-400k,Continuing
201400003,mhar96@facebook.com,170.16,0.0,0.0,0.0,0,Wine Enthusiast,3105.02,910.79,233.38,$100-200k,Continuing
201400004,spatel6@live.com,0.0,60.53,78.78,0.0,4,Casual Visitor,89.51,306.17,299.28,$400-800k,Continuing
201400005,dperkins1@att.net,128.65,289.0,87.73,226.34,1,Luxury Estate,52.27,2463.01,1726.79,$800-1200k,Continuing
201400007,jamesm@googlemail.com,0.0,0.0,456.37,0.0,3,Casual Visitor,310.58,380.8,598.39,$200-400k,Continuing
201400009,ernb96@aol.com,0.0,0.0,284.74,0.0,3,Casual Visitor,134.48,182.14,437.17,$200-400k,Continuing
201400010,mercerd@charter.net,0.0,0.0,499.76,0.0,3,Casual Visitor,42.04,586.1,913.0,$200-400k,Continuing
201400011,watson8@cox.net,0.0,398.18,0.0,0.0,0,Luxury Estate,247.55,355.05,324.27,$400-800k,Continuing
201400012,wayt30@gmx.com,0.0,0.0,163.51,0.0,1,Casual Visitor,68.63,546.79,421.89,Below $100k,Continuing
201400013,mrod41@comcast.net,0.0,0.0,341.28,0.0,3,Casual Visitor,118.36,836.67,720.86,$400-800k,Continuing
201400014,josb83@mac.com,1098.23,722.48,1392.84,280.8,6,High Roller,6200.46,4845.87,4756.97,$400-800k,Continuing
201400015,martinez6@earthlink.net,0.0,0.0,144.14,0.0,2,Casual Visitor,49.87,176.07,253.34,$200-400k,Continuing
201400017,marl19@gmail.com,0.0,88.42,459.5,0.0,4,Casual Visitor,85.1,1236.43,1216.15,$400-800k,Continuing
201400018,jrichmond@att.net,0.0,0.0,282.83,0.0,2,Casual Visitor,38.93,179.11,455.55,$200-400k,Continuing
201400019,garcia9@gmail.com,0.0,0.0,247.84,0.0,2,Casual Visitor,33.82,48.49,411.78,$200-400k,Continuing
201400020,m.cox@msn.com,0.0,0.0,314.09,0.0,2,Casual Visitor,95.38,129.16,356.65,$100-200k,Continuing
201400021,csmith@bellsouth.net,165.53,0.0,0.0,0.0,0,Wine Enthusiast,117.21,986.12,703.03,$100-200k,Continuing
201400022,adams6@earthlink.net,0.0,0.0,151.86,0.0,2,Casual Visitor,41.91,152.85,233.07,$200-400k,Continuing
201400023,weeks7@google.com,0.0,0.0,144.54,0.0,2,Casual Visitor,109.72,155.56,174.92,$200-400k,Continuing
201400026,wardj@earthlink.net,0.0,114.89,426.03,0.0,4,Casual Visitor,77.9,1293.08,1483.67,$400-800k,Continuing
201400027,brownd@charter.net,0.0,0.0,286.62,0.0,3,Casual Visitor,80.33,151.85,420.82,$200-400k,Continuing
201400028,j.taylor@msn.com,0.0,0.0,103.14,0.0,1,Wine Enthusiast,104.63,362.17,818.31,$100-200k,Continuing
201400029,mullinsd@googlemail.com,0.0,0.0,468.46,0.0,3,Casual Visitor,152.78,880.09,814.95,$200-400k,Continuing
201400030,leva82@gmail.com,0.0,0.0,408.91,0.0,3,Casual Visitor,56.25,393.94,776.6,$200-400k,Continuing
201400031,cortez1@mail.com,0.0,0.0,180.48,0.0,2,Casual Visitor,29.35,357.82,300.81,$200-400k,Continuing
201400032,jerm49@sbcglobal.net,0.0,0.0,218.18,0.0,2,Casual Visitor,148.13,186.11,251.75,$200-400k,Continuing
201400033,jcon4@sbcglobal.net,2056.31,807.85,678.77,205.92,10,High Roller,2414.02,5490.55,6168.56,$1200-1800k,Continuing
201400034,cooper5@bellsouth.net,261.87,0.0,81.27,0.0,1,Wine Enthusiast,1671.84,1551.98,1088.31,$200-400k,Continuing
201400035,astewart@live.com,0.0,0.0,245.34,0.0,2,Casual Visitor,36.03,404.48,412.69,$200-400k,Continuing
201400036,s.lawrence@charter.net,0.0,0.0,126.92,0.0,1,Casual Visitor,123.12,123.93,265.25,Below $100k,Continuing
201400037,shannonk@googlemail.com,0.0,0.0,103.24,0.0,1,Casual Visitor,43.46,47.99,119.23,$100-200k,Continuing
201400038,nelsonp@att.net,0.0,0.0,191.09,0.0,1,Casual Visitor,31.15,38.33,207.86,$100-200k,Continuing
201400039,robh27@me.com,0.0,0.0,113.95,0.0,3,Casual Visitor,35.97,42.39,166.48,$200-400k,Continuing
201400040,hubbard1@hotmail.com,0.0,0.0,310.56,0.0,1,Wine Enthusiast,662.4,1892.65,1832.36,$100-200k,Continuing
201400041,ataylor6@earthlink.net,0.0,0.0,207.29,0.0,1,Casual Visitor,187.97,151.54,157.49,$100-200k,Continuing
201400042,leeg@charter.net,0.0,0.0,328.59,0.0,2,Casual Visitor,43.97,245.91,588.09,$200-400k,Continuing
201400043,akennedy5@aol.com,97.59,48.19,257.56,0.0,4,Casual Visitor,121.77,848.02,746.22,$400-800k,Continuing
201400044,hsny70@mac.com,0.0,0.0,187.06,0.0,4,Casual Visitor,70.64,307.12,348.68,$200-400k,Continuing
201400045,chughes5@facebook.com,0.0,0.0,246.93,0.0,3,Casual Visitor,118.55,293.08,295.6,$200-400k,Continuing
201400046,griffin6@sbcglobal.net,0.0,72.28,316.67,0.0,4,Casual Visitor,53.03,522.09,1007.22,$400-800k,Continuing
201400047,jelliott8@live.com,0.0,0.0,142.98,0.0,3,Casual Visitor,85.2,195.7,235.28,$200-400k,Continuing
201400049,ahig27@bellsouth.net,0.0,0.0,421.97,0.0,3,Casual Visitor,55.89,454.78,835.99,$200-400k,Continuing
201400050,r.owens@juno.com,0.0,0.0,134.57,0.0,3,Casual Visitor,94.47,123.03,212.4,$200-400k,Continuing
201400051,collinsm@charter.net,0.0,0.0,99.68,0.0,2,Casual Visitor,47.63,139.27,117.98,$100-200k,Continuing
201400052,kros58@me.com,0.0,0.0,280.32,0.0,3,Casual Visitor,46.5,332.14,554.38,$200-400k,Continuing
201400054,aarc2@juno.com,0.0,0.0,180.45,0.0,2,Casual Visitor,82.69,114.82,262.93,$200-400k,Continuing
201400055,harrisc@bellsouth.net,0.0,0.0,84.59,0.0,2,Casual Visitor,23.8,50.15,151.95,$200-400k,Continuing
201400057,aeri41@juno.com,0.0,0.0,243.97,0.0,2,Casual Visitor,51.86,155.89,431.26,$200-400k,Continuing
201400058,jmir35@aol.com,0.0,0.0,50.26,0.0,2,Casual Visitor,37.0,57.59,63.92,$200-400k,Continuing
201400059,jwhi32@googlemail.com,0.0,0.0,414.16,0.0,3,Casual Visitor,2680.35,514.38,186.21,$200-400k,Continuing
201400060,nelson5@facebook.com,0.0,335.77,0.0,0.0,0,Luxury Estate,368.78,355.47,225.55,$400-800k,Continuing
201400061,carney5@cox.net,0.0,26.53,128.86,0.0,4,Casual Visitor,36.78,364.85,438.33,$400-800k,Continuing
201400062,kcraig5@mail.com,0.0,0.0,345.13,0.0,2,Casual Visitor,166.27,390.32,321.58,$100-200k,Continuing
201400067,k.pena@earthlink.net,0.0,0.0,59.06,0.0,1,Casual Visitor,45.78,178.04,173.96,Below $100k,Continuing
201400068,srodriguez9@mail.com,0.0,158.23,0.0,0.0,0,Luxury Estate,203.62,128.24,90.76,$400-800k,Continuing
201400069,darg32@hotmail.com,0.0,0.0,96.18,0.0,3,Casual Visitor,54.04,127.9,153.28,$200-400k,Continuing
201400071,jsimpson1@aol.com,0.0,0.0,199.76,0.0,1,Casual Visitor,38.96,714.7,644.15,Below $100k,Continuing
201400072,a.sullivan@earthlink.net,0.0,0.0,95.02,0.0,1,Wine Enthusiast,137.54,937.74,996.58,$200-400k,Continuing
201400073,magm4@yahoo.com,0.0,0.0,132.3,0.0,1,Casual Visitor,166.04,183.79,221.27,Below $100k,Continuing
201400077,g.sanders@bellsouth.net,0.0,0.0,0.0,0.0,1,Casual Visitor,34.62,52.25,52.33,$100-200k,Continuing
201400078,norton3@cox.net,0.0,49.91,438.08,0.0,4,Casual Visitor,570.06,730.29,744.11,$400-800k,Continuing
201400079,vphillips@charter.net,0.0,0.0,544.27,0.0,3,Casual Visitor,231.14,478.02,737.79,$200-400k,Continuing
201400080,jcooley2@mail.com,0.0,44.35,715.24,0.0,4,Casual Visitor,65.68,1476.43,1935.07,$400-800k,Continuing
201400081,kgor93@mail.com,0.0,0.0,121.07,0.0,2,Casual Visitor,39.79,211.49,167.09,$100-200k,Continuing
201400083,mwilliams@msn.com,0.0,0.0,516.29,0.0,3,Casual Visitor,175.0,964.79,771.15,$200-400k,Continuing
201400084,e.schmidt@facebook.com,0.0,0.0,0.0,366.15,0,High Roller,54.61,572.37,633.03,$400-800k,Continuing
201400085,moran7@bellsouth.net,0.0,0.0,312.9,0.0,4,Casual Visitor,65.95,293.63,716.22,$400-800k,Continuing
201400086,wcampbell9@hotmail.com,0.0,337.54,0.0,0.0,0,Luxury Estate,823.65,625.03,304.53,$800-1200k,Continuing
201400088,booth2@sbcglobal.net,44.76,76.76,227.79,0.0,3,Casual Visitor,82.4,596.87,598.07,$400-800k,Continuing
201400089,g.brown@gmail.com,0.0,114.94,155.75,0.0,4,Casual Visitor,57.02,813.56,690.82,$400-800k,Continuing
201400090,astephens7@verizon.net,0.0,0.0,303.42,0.0,2,Casual Visitor,72.24,499.06,403.15,$100-200k,Continuing
201400091,cerickson@mail.com,0.0,0.0,162.98,0.0,1,Casual Visitor,28.08,50.94,187.98,$100-200k,Continuing
201400094,joc4@verizon.net,0.0,0.0,419.23,0.0,3,Casual Visitor,24.67,379.96,781.23,$200-400k,Continuing
201400095,campbellr@googlemail.com,0.0,0.0,0.0,0.0,2,Casual Visitor,15.49,12.74,13.17,$200-400k,Continuing
201400096,jmccullough5@att.net,0.0,0.0,82.61,0.0,1,Casual Visitor,58.82,69.28,71.57,$100-200k,Continuing
201400097,erui14@mac.com,0.0,384.63,0.0,0.0,0,Luxury Estate,405.23,413.43,439.44,$800-1200k,Continuing
201400098,wilcoxd@gmail.com,424.85,0.0,296.17,0.0,1,Wine Enthusiast,18020.39,10290.63,1640.19,$200-400k,Continuing
201400099,mbarber9@yahoo.com,0.0,0.0,425.73,0.0,3,Casual Visitor,142.75,551.25,645.9,$200-400k,Continuing
201400101,mitchell6@gmx.com,0.0,0.0,0.0,578.74,0,High Roller,2672.88,980.6,338.42,$400-800k,Continuing
201400102,m.hernandez@aol.com,196.85,0.0,0.0,0.0,0,Wine Enthusiast,934.43,847.02,352.06,$100-200k,Continuing
201400104,figueroa2@earthlink.net,221.24,0.0,164.67,0.0,1,Wine Enthusiast,25.73,4380.1,3526.26,$200-400k,Continuing
201400105,vsalinas1@me.com,0.0,0.0,78.96,0.0,2,Casual Visitor,31.59,124.22,111.73,$100-200k,Continuing
201400106,jwillis8@googlemail.com,0.0,0.0,305.83,0.0,2,Casual Visitor,42.58,131.13,538.82,$200-400k,Continuing
201400107,pesparza3@googlemail.com,0.0,145.93,0.0,0.0,0,Luxury Estate,148.3,184.92,198.1,$800-1200k,Continuing
201400108,nhamilton@msn.com,0.0,0.0,266.38,0.0,2,Casual Visitor,172.55,176.81,293.8,$200-400k,Continuing
201400109,mossw@googlemail.com,0.0,0.0,66.79,0.0,1,Casual Visitor,41.69,49.56,232.5,Below $100k,Continuing
201400110,smcgee@mail.com,997.64,601.26,2745.14,101.75,10,Wine Enthusiast,102153.01,56189.32,10576.89,$1200-1800k,Continuing
201400111,jyou55@hotmail.com,0.0,86.64,0.0,0.0,0,Luxury Estate,141.62,51.83,57.57,$400-800k,Continuing
201400113,mtuc41@hotmail.com,0.0,0.0,0.0,496.21,0,High Roller,66.63,1145.24,853.37,$400-800k,Continuing
201400114,psot68@googlemail.com,0.0,0.0,494.58,0.0,3,Casual Visitor,46.65,201.97,983.95,$200-400k,Continuing
201400115,jben36@aol.com,0.0,0.0,198.49,0.0,1,Casual Visitor,42.64,103.75,204.72,$100-200k,Continuing
201400117,rhar8@me.com,0.0,0.0,0.0,628.65,0,High Roller,870.95,350.89,490.15,$400-800k,Continuing
201400118,tanj76@att.net,0.0,273.02,0.0,0.0,0,Luxury Estate,684.01,238.27,269.13,$800-1200k,Continuing
201400119,dmedina@mac.com,0.0,0.0,42.65,0.0,3,Casual Visitor,23.12,63.51,98.12,$400-800k,Continuing
201400120,dmarshall@mail.com,0.0,179.79,0.0,0.0,0,Luxury Estate,1642.19,54.32,167.07,$800-1200k,Continuing
201400121,bryant8@sbcglobal.net,0.0,0.0,539.0,0.0,4,Casual Visitor,47.39,1185.41,1173.32,$200-400k,Continuing
201400122,grichmond5@earthlink.net,0.0,0.0,238.52,0.0,3,Casual Visitor,157.33,325.37,402.51,$200-400k,Continuing
201400124,e.griffin@gmail.com,0.0,0.0,306.29,0.0,2,Casual Visitor,35.79,465.18,398.92,$100-200k,Continuing
201400125,rfranco8@att.net,0.0,0.0,55.26,0.0,1,Casual Visitor,43.47,44.28,45.73,$100-200k,Continuing
201400128,cwilson6@mac.com,0.0,0.0,527.33,0.0,3,Casual Visitor,219.44,264.05,843.04,$200-400k,Continuing
201400129,p.strong@charter.net,0.0,0.0,444.72,0.0,4,Casual Visitor,283.35,411.93,648.62,$200-400k,Continuing
201400130,avila5@msn.com,0.0,0.0,192.8,0.0,3,Casual Visitor,69.52,336.76,301.6,$200-400k,Continuing
201400132,hessb@yahoo.com,0.0,72.96,326.16,0.0,3,Casual Visitor,42.31,1310.9,918.71,$400-800k,Continuing
201400133,rgentry7@mac.com,0.0,146.37,0.0,0.0,0,Luxury Estate,489.13,226.05,90.64,$800-1200k,Continuing
201400134,scott6@facebook.com,0.0,0.0,214.55,0.0,2,Casual Visitor,79.15,226.41,214.54,$100-200k,Continuing
201400135,jhooper@hotmail.com,0.0,0.0,528.18,0.0,3,Casual Visitor,129.82,467.18,776.21,$200-400k,Continuing
201400136,graham4@sbcglobal.net,0.0,0.0,196.09,0.0,1,Casual Visitor,47.3,88.39,240.15,$100-200k,Continuing
201400137,cjenkins@juno.com,0.0,0.0,200.8,0.0,1,Casual Visitor,20.38,211.81,213.63,$100-200k,Continuing
201400138,vpop39@yahoo.com,0.0,0.0,341.56,0.0,1,Wine Enthusiast,169.66,782.54,3274.3,$100-200k,Continuing
201400139,roxp61@me.com,0.0,0.0,111.66,0.0,2,Casual Visitor,29.39,82.91,191.69,$200-400k,Continuing
201400140,cschneider6@me.com,565.32,1055.12,232.45,214.46,3,Luxury Estate,145.52,2592.26,6799.91,Above $1800k,Continuing
201400141,jsmith@facebook.com,0.0,0.0,0.0,136.83,0,High Roller,34.59,261.53,235.82,$400-800k,Continuing
201400142,young8@facebook.com,937.14,457.41,590.14,183.55,4,Wine Enthusiast,6804.46,24144.12,31513.86,$800-1200k,Continuing
201400143,dbar98@bellsouth.net,0.0,95.37,227.52,0.0,3,Casual Visitor,125.73,340.1,640.77,$400-800k,Continuing
201400144,j.jackson@charter.net,0.0,70.59,0.0,0.0,0,Luxury Estate,37.93,151.62,118.61,$800-1200k,Continuing
201400145,rmiller6@comcast.net,0.0,0.0,57.38,0.0,3,Casual Visitor,44.53,45.71,90.06,$200-400k,Continuing
201400146,fox1@facebook.com,0.0,0.0,94.72,0.0,2,Casual Visitor,36.33,196.65,155.82,$200-400k,Continuing
201400147,hobbs5@hotmail.com,0.0,0.0,149.77,0.0,1,Casual Visitor,26.52,69.11,172.33,$100-200k,Continuing
201400149,joconnor2@live.com,0.0,107.75,0.0,0.0,0,Luxury Estate,35.44,54.53,142.75,$400-800k,Continuing
201400150,davis1@msn.com,0.0,0.0,58.49,0.0,1,Casual Visitor,13.86,20.09,61.02,$100-200k,Continuing
201400151,johs21@me.com,0.0,0.0,79.77,0.0,1,Casual Visitor,58.38,224.42,224.46,Below $100k,Continuing
201400153,brown5@gmx.com,0.0,0.0,33.8,0.0,1,Casual Visitor,175.13,34.94,39.7,Below $100k,Continuing
201400154,t.mayer@bellsouth.net,133.57,0.0,106.87,0.0,3,Casual Visitor,122.26,145.93,287.44,$400-800k,Continuing
201400155,c.cameron@earthlink.net,0.0,66.49,0.0,0.0,0,Luxury Estate,96.57,95.42,64.56,$800-1200k,Continuing
201400158,jefb74@comcast.net,0.0,67.42,0.0,0.0,0,Luxury Estate,34.09,35.16,66.59,$400-800k,Continuing
201400159,jben72@mac.com,0.0,0.0,414.21,0.0,4,Casual Visitor,29.45,1625.58,1111.09,$400-800k,Continuing
201400160,kimh4@gmail.com,0.0,0.0,359.3,0.0,2,Casual Visitor,77.72,358.87,579.54,$200-400k,Continuing
201400161,montoyar@msn.com,0.0,188.6,0.0,0.0,0,Luxury Estate,126.92,236.58,244.14,$800-1200k,Continuing
201400162,fields8@gmx.com,0.0,0.0,151.76,0.0,2,Casual Visitor,25.85,127.5,260.34,$200-400k,Continuing
201400163,eturner@sbcglobal.net,0.0,0.0,151.6,0.0,1,Casual Visitor,36.8,785.34,546.46,Below $100k,Continuing
201400164,aayala@gmx.com,0.0,0.0,165.89,0.0,1,Casual Visitor,90.99,185.37,442.13,Below $100k,Continuing
201400168,leonarda@google.com,17.32,124.15,548.11,0.0,4,Casual Visitor,37.49,1093.97,1736.58,$400-800k,Continuing
201400169,scobb@mac.com,0.0,0.0,440.15,0.0,3,Casual Visitor,64.17,1123.91,876.43,$200-400k,Continuing
201400170,nguyenb@verizon.net,0.0,58.62,538.35,0.0,3,Casual Visitor,53.2,1743.02,1383.11,$400-800k,Continuing
201400171,p.escobar@google.com,0.0,0.0,140.26,0.0,1,Casual Visitor,44.04,363.73,474.86,Below $100k,Continuing
201400174,jamh93@me.com,0.0,120.77,0.0,0.0,0,Luxury Estate,396.94,120.08,31.47,$1200-1800k,Continuing
201400175,jcohen7@aol.com,0.0,0.0,400.62,0.0,3,Casual Visitor,225.43,304.08,564.33,$200-400k,Continuing
201400177,swood@aol.com,0.0,0.0,574.36,0.0,4,Casual Visitor,108.4,612.54,1174.03,$200-400k,Continuing
201400179,buck9@google.com,0.0,100.04,0.0,0.0,0,Luxury Estate,86.8,146.46,160.09,$800-1200k,Continuing
201400180,sparks4@googlemail.com,126.59,87.58,308.61,0.0,4,Casual Visitor,975.21,738.89,591.18,$400-800k,Continuing
201400182,suem31@earthlink.net,219.12,0.0,0.0,0.0,0,Wine Enthusiast,826.35,754.01,777.94,$200-400k,Continuing
201400183,rogm29@sbcglobal.net,301.43,0.0,0.0,0.0,0,Wine Enthusiast,297.42,1038.0,1627.82,$200-400k,Continuing
201400184,wadel@aol.com,0.0,0.0,26.73,0.0,3,Casual Visitor,23.95,47.27,46.07,$200-400k,Continuing
201400185,randerson2@live.com,0.0,0.0,346.81,0.0,4,Casual Visitor,96.36,392.89,803.01,$400-800k,Continuing
201400186,rhos69@googlemail.com,0.0,0.0,50.65,0.0,2,Casual Visitor,32.64,81.41,65.88,$200-400k,Continuing
201400187,long4@yahoo.com,0.0,0.0,27.94,0.0,3,Casual Visitor,18.85,33.57,43.2,$200-400k,Continuing
201400188,kmckay4@verizon.net,0.0,0.0,0.0,637.07,0,High Roller,1357.93,105.73,467.78,$400-800k,Continuing
201400189,richardsonk@msn.com,0.0,0.0,221.27,0.0,3,Casual Visitor,119.78,179.84,282.13,$200-400k,Continuing
201400190,holland5@live.com,0.0,0.0,354.21,0.0,3,Casual Visitor,41.19,600.52,745.5,$200-400k,Continuing
201400191,rcoo96@aol.com,0.0,0.0,74.61,0.0,3,Casual Visitor,30.48,154.32,150.63,$200-400k,Continuing
201400192,wagner1@juno.com,66.28,81.91,607.24,0.0,4,Casual Visitor,23.24,2101.75,1873.06,$400-800k,Continuing
201400194,miller1@comcast.net,0.0,46.42,134.49,0.0,4,Casual Visitor,40.27,473.45,428.02,$400-800k,Continuing
201400195,djam61@juno.com,0.0,0.0,435.39,0.0,3,Casual Visitor,150.18,302.48,733.48,$200-400k,Continuing
201400196,mruiz@mail.com,0.0,0.0,0.0,324.41,0,High Roller,4321.19,3525.64,127.29,$400-800k,Continuing
201400198,kelly3@mac.com,0.0,0.0,55.52,0.0,3,Casual Visitor,52.43,84.93,80.2,$200-400k,Continuing
201400201,wgriffin@hotmail.com,0.0,0.0,67.92,0.0,1,Casual Visitor,40.0,43.03,59.17,$100-200k,Continuing
201400202,mendezc@yahoo.com,0.0,0.0,200.97,0.0,4,Casual Visitor,36.08,103.31,393.45,$200-400k,Continuing
201400203,l.young@charter.net,251.83,0.0,153.02,0.0,1,Wine Enthusiast,63.96,3103.75,3505.23,$200-400k,Continuing
201400204,bsingleton@mail.com,0.0,0.0,255.57,0.0,2,Casual Visitor,65.32,469.41,338.0,$200-400k,Continuing
201400206,rharris8@charter.net,0.0,0.0,167.83,0.0,1,Casual Visitor,40.62,423.49,558.25,Below $100k,Continuing
201400207,a.hill@mac.com,0.0,0.0,78.92,0.0,1,Casual Visitor,64.73,84.33,192.61,Below $100k,Continuing
201400208,c.thomas@googlemail.com,0.0,336.58,0.0,0.0,0,Luxury Estate,181.17,250.59,282.88,$400-800k,Continuing
201400209,d.turner@verizon.net,0.0,0.0,168.68,0.0,1,Wine Enthusiast,177.71,1103.93,1304.55,$100-200k,Continuing
201400211,sand26@googlemail.com,0.0,84.06,660.97,0.0,4,Casual Visitor,1460.88,677.83,766.75,$400-800k,Continuing
201400212,valenzuela5@mac.com,0.0,0.0,66.35,0.0,1,Casual Visitor,122.52,108.78,34.48,$100-200k,Continuing
201400216,dono59@cox.net,0.0,0.0,217.49,0.0,2,Casual Visitor,45.12,331.51,296.08,$100-200k,Continuing
201400217,mmason6@aol.com,0.0,0.0,529.77,0.0,3,Casual Visitor,959.87,754.6,494.79,$200-400k,Continuing
201400218,jefw10@aol.com,0.0,57.83,673.39,0.0,4,Casual Visitor,943.93,1063.19,1092.66,$400-800k,Continuing
201400219,karh92@facebook.com,0.0,0.0,475.97,0.0,3,Casual Visitor,91.71,487.69,912.79,$200-400k,Continuing
201400220,ljohnston@cox.net,0.0,0.0,93.06,0.0,2,Casual Visitor,31.61,124.87,98.26,$100-200k,Continuing
201400224,hayest@mac.com,0.0,0.0,136.64,0.0,3,Casual Visitor,54.43,184.57,233.6,$200-400k,Continuing
201400226,dlop12@mail.com,0.0,0.0,321.7,0.0,2,Casual Visitor,78.47,258.9,309.14,$100-200k,Continuing
201400227,brul26@mac.com,0.0,0.0,0.0,0.0,2,Casual Visitor,35.53,173.43,190.28,$200-400k,Continuing
201400229,leverett@facebook.com,0.0,0.0,128.16,0.0,2,Casual Visitor,269.4,225.73,64.68,$100-200k,Continuing
201400230,crawford8@att.net,0.0,0.0,349.91,0.0,4,Casual Visitor,25.57,1236.77,923.73,$400-800k,Continuing
201400231,dgon29@facebook.com,0.0,0.0,404.82,0.0,3,Casual Visitor,100.14,764.39,618.77,$200-400k,Continuing
201400232,snyder2@bellsouth.net,0.0,0.0,108.95,0.0,1,Casual Visitor,122.46,112.12,90.79,$100-200k,Continuing
201400233,evalentine2@googlemail.com,0.0,0.0,277.61,0.0,3,Casual Visitor,32.64,585.31,490.61,$200-400k,Continuing
201400234,kim3@gmail.com,0.0,0.0,285.92,0.0,3,Casual Visitor,91.87,356.35,462.0,$200-400k,Continuing
201400235,jharrison@sbcglobal.net,0.0,0.0,88.15,0.0,4,Casual Visitor,31.76,35.4,208.22,$200-400k,Continuing
201400236,danderson9@gmail.com,0.0,0.0,124.57,0.0,1,Casual Visitor,34.99,114.88,139.8,$100-200k,Continuing
201400237,c.higgins@sbcglobal.net,0.0,0.0,0.0,82.8,0,High Roller,188.35,78.16,57.46,$400-800k,Continuing
201400238,wheelerg@cox.net,0.0,0.0,173.43,0.0,3,Casual Visitor,149.76,155.12,210.5,$200-400k,Continuing
201400240,dhin21@earthlink.net,114.75,47.59,115.26,0.0,3,Casual Visitor,302.72,313.77,397.97,$400-800k,Continuing
201400244,j.harris@charter.net,0.0,0.0,0.0,596.93,0,High Roller,164.31,218.48,770.57,$400-800k,Continuing
201400245,smar22@facebook.com,0.0,0.0,307.53,0.0,2,Casual Visitor,191.08,261.56,336.55,$200-400k,Continuing
201400246,roth5@cox.net,0.0,0.0,90.59,0.0,2,Casual Visitor,172.99,38.67,73.65,$200-400k,Continuing
201400247,longj@bellsouth.net,0.0,231.43,0.0,0.0,0,Luxury Estate,716.6,180.49,239.28,$800-1200k,Continuing
201400249,marc61@mac.com,0.0,0.0,175.42,0.0,3,Casual Visitor,75.28,391.38,306.33,$200-400k,Continuing
201400250,kaufman3@me.com,410.04,257.04,137.34,255.83,1,Luxury Estate,28442.26,426.96,217.24,$1200-1800k,Continuing
201400251,harris3@earthlink.net,0.0,0.0,307.78,0.0,2,Casual Visitor,37.94,753.85,549.68,$200-400k,Continuing
201400252,w.tucker@charter.net,0.0,0.0,393.15,0.0,2,Casual Visitor,163.55,407.27,599.09,$200-400k,Continuing
201400253,andersonk@mail.com,0.0,0.0,406.58,0.0,3,Casual Visitor,51.14,1299.15,1077.37,$400-800k,Continuing
201400254,mitn60@att.net,0.0,169.77,0.0,0.0,0,Luxury Estate,45.38,266.39,263.58,$800-1200k,Continuing
201400255,trana@mail.com,0.0,0.0,232.53,0.0,2,Casual Visitor,73.78,97.25,300.92,$200-400k,Continuing
201400257,lree44@me.com,0.0,0.0,60.41,0.0,1,Casual Visitor,35.73,131.44,168.17,Below $100k,Continuing
201400258,esellers9@yahoo.com,0.0,0.0,503.44,0.0,3,Casual Visitor,115.85,452.73,761.16,$200-400k,Continuing
201400259,b.medina@hotmail.com,0.0,0.0,48.43,0.0,4,Casual Visitor,50.75,91.83,78.58,$200-400k,Continuing
201400260,rdaniels3@mail.com,0.0,0.0,123.77,0.0,2,Casual Visitor,19.16,133.21,212.66,$200-400k,Continuing
201400261,lowery9@google.com,478.17,299.04,852.43,1282.48,10,High Roller,6810.54,7012.2,7072.14,$800-1200k,Continuing
201400262,ahess@sbcglobal.net,135.99,87.16,723.43,0.0,4,Casual Visitor,96.14,719.93,2156.69,$400-800k,Continuing
201400263,g.peterson@gmail.com,0.0,0.0,149.04,430.25,1,High Roller,124.44,1202.19,900.99,$400-800k,Continuing
201400264,b.obrien@gmx.com,0.0,0.0,80.81,0.0,3,Casual Visitor,199.54,80.02,73.58,$200-400k,Continuing
201400266,c.haynes@mail.com,0.0,0.0,0.0,0.0,4,Casual Visitor,70.44,737.58,721.65,$200-400k,Continuing
201400267,elopez4@charter.net,0.0,0.0,596.37,0.0,4,Casual Visitor,40.3,285.78,1778.54,$400-800k,Continuing
201400268,s.robinson@hotmail.com,0.0,0.0,291.1,0.0,2,Casual Visitor,203.24,376.99,348.22,$200-400k,Continuing
201400269,will4@google.com,90.38,37.49,94.16,0.0,4,Casual Visitor,33.46,401.25,521.58,$400-800k,Continuing
201400270,mgra98@google.com,0.0,0.0,261.26,0.0,2,Casual Visitor,127.04,336.52,348.7,$200-400k,Continuing
201400271,lhunt@sbcglobal.net,0.0,0.0,181.39,0.0,1,Casual Visitor,300.35,12.63,100.58,$100-200k,Continuing
201400272,hmolina3@gmx.com,71.17,0.0,66.96,0.0,1,Wine Enthusiast,183.27,1083.8,997.68,$200-400k,Continuing
201400273,wmontgomery@earthlink.net,0.0,0.0,559.11,0.0,3,Casual Visitor,37.85,951.51,1027.93,$200-400k,Continuing
201400274,j.ford@juno.com,0.0,0.0,184.7,0.0,1,Casual Visitor,56.31,153.25,183.45,$100-200k,Continuing
201400275,emel19@gmx.com,0.0,0.0,152.06,0.0,2,Casual Visitor,68.02,103.86,145.72,$100-200k,Continuing
201400276,lmar26@facebook.com,0.0,0.0,0.0,0.0,2,Casual Visitor,41.63,46.28,150.48,$200-400k,Continuing
201400277,jcrane1@mac.com,0.0,0.0,69.42,0.0,2,Casual Visitor,37.4,66.52,112.95,$200-400k,Continuing
201400278,rcoo35@yahoo.com,0.0,0.0,64.13,0.0,3,Casual Visitor,68.56,95.66,92.42,$200-400k,Continuing
201400279,snyder8@gmail.com,0.0,0.0,0.0,0.0,2,Casual Visitor,252.88,324.84,354.04,$200-400k,Continuing
201400280,agreen@facebook.com,0.0,25.28,225.3,0.0,4,Casual Visitor,36.52,996.76,730.63,$400-800k,Continuing
201400281,barrett1@googlemail.com,0.0,0.0,168.07,0.0,1,Casual Visitor,38.25,868.49,603.02,Below $100k,Continuing
201400282,b.anderson@mac.com,0.0,0.0,427.87,0.0,4,Casual Visitor,98.6,225.51,933.47,$400-800k,Continuing
201400284,dcarlson@att.net,0.0,0.0,178.53,0.0,2,Casual Visitor,53.3,100.83,305.21,$200-400k,Continuing
201400285,crangel6@live.com,0.0,0.0,303.65,0.0,4,Casual Visitor,155.3,235.28,607.39,$400-800k,Continuing
201400286,freeman5@live.com,0.0,0.0,0.0,0.0,4,Casual Visitor,86.49,699.05,508.79,$200-400k,Continuing
201400287,m.bryant@yahoo.com,0.0,0.0,159.07,0.0,1,Casual Visitor,28.51,144.22,162.7,$100-200k,Continuing
201400288,lpotter@google.com,0.0,0.0,204.04,0.0,2,Casual Visitor,43.23,61.05,344.34,$200-400k,Continuing
201400289,westk@msn.com,0.0,0.0,83.07,0.0,4,Casual Visitor,106.73,124.19,144.86,$400-800k,Continuing
201400290,baker2@mail.com,0.0,0.0,250.93,0.0,3,Casual Visitor,40.3,642.14,461.8,$200-400k,Continuing
201400291,jben13@sbcglobal.net,0.0,0.0,151.92,0.0,1,Casual Visitor,100.29,314.19,355.37,Below $100k,Continuing
201400292,vazquez3@gmail.com,0.0,252.19,0.0,0.0,0,Luxury Estate,640.5,276.52,204.5,$800-1200k,Continuing
201400293,p.quinn@comcast.net,0.0,0.0,226.0,0.0,2,Casual Visitor,45.84,192.53,362.76,$200-400k,Continuing
201400295,smithe@verizon.net,0.0,54.64,634.79,0.0,4,Casual Visitor,317.99,840.84,1175.92,$400-800k,Continuing
201400296,pats83@comcast.net,0.0,0.0,55.33,0.0,4,Casual Visitor,46.19,65.79,76.84,$200-400k,Continuing
201400297,imog86@googlemail.com,0.0,0.0,562.86,0.0,3,Casual Visitor,818.99,438.56,541.27,$200-400k,Continuing
201400298,livingston2@gmail.com,0.0,0.0,298.48,0.0,4,Casual Visitor,494.24,298.69,342.99,$400-800k,Continuing
201400299,mjackson@live.com,0.0,0.0,0.0,320.89,0,High Roller,178.64,453.32,409.73,$400-800k,Continuing
201400300,cookt@mac.com,0.0,56.46,40.15,0.0,4,Casual Visitor,40.78,60.42,183.88,$400-800k,Continuing
201400302,jcabrera@google.com,122.87,39.69,502.75,0.0,4,Casual Visitor,24.48,1136.29,1626.66,$400-800k,Continuing
201400303,scollins8@facebook.com,0.0,0.0,121.02,0.0,1,Casual Visitor,35.81,114.57,128.5,$100-200k,Continuing
201400304,d.farrell@att.net,0.0,0.0,0.0,0.0,0,Luxury Estate,1496.61,923.55,672.99,$800-1200k,Continuing
201400305,alyn70@sbcglobal.net,0.0,0.0,77.22,0.0,1,Casual Visitor,37.62,134.44,191.54,Below $100k,Continuing
201400306,janv47@gmail.com,0.0,0.0,51.3,0.0,3,Casual Visitor,44.57,118.19,100.73,$400-800k,Continuing
201400307,reeves4@google.com,0.0,0.0,467.29,0.0,3,Casual Visitor,77.47,884.2,1056.1,$400-800k,Continuing
201400308,jbro95@sbcglobal.net,0.0,0.0,81.38,0.0,1,Casual Visitor,88.3,83.17,60.78,$100-200k,Continuing
201400309,shim70@googlemail.com,0.0,0.0,118.99,0.0,3,Casual Visitor,29.17,301.81,210.94,$200-400k,Continuing
201400311,linf58@me.com,0.0,0.0,368.19,0.0,3,Casual Visitor,59.65,579.11,763.08,$200-400k,Continuing
201400312,dgarcia7@google.com,0.0,0.0,105.61,0.0,1,Casual Visitor,36.73,265.4,263.78,Below $100k,Continuing
201400314,lone38@live.com,0.0,0.0,171.08,0.0,3,Casual Visitor,47.1,74.29,251.21,$200-400k,Continuing
201400316,dbre41@yahoo.com,0.0,0.0,130.08,0.0,1,Casual Visitor,39.08,186.12,158.41,$100-200k,Continuing
201400317,econley@gmail.com,252.67,0.0,0.0,0.0,0,Wine Enthusiast,397.97,709.43,727.65,$100-200k,Continuing
201400318,browna@sbcglobal.net,0.0,0.0,185.77,0.0,1,Casual Visitor,444.19,336.99,292.57,Below $100k,Continuing
201400319,ldurham@yahoo.com,0.0,0.0,58.18,0.0,2,Casual Visitor,23.49,144.77,106.33,$200-400k,Continuing
201400320,m.johnson@bellsouth.net,0.0,0.0,273.17,0.0,2,Casual Visitor,246.37,387.02,351.13,$200-400k,Continuing
201400321,chung9@hotmail.com,0.0,0.0,700.79,0.0,4,Casual Visitor,173.22,645.68,1247.46,$200-400k,Continuing
201400322,mwilliams@gmail.com,0.0,0.0,84.24,0.0,1,Casual Visitor,32.88,243.5,308.02,Below $100k,Continuing
201400323,rharris7@aol.com,0.0,0.0,625.97,0.0,4,Casual Visitor,267.99,1744.56,1261.71,$400-800k,Continuing
201400324,v.wyatt@earthlink.net,0.0,0.0,193.84,0.0,2,Casual Visitor,32.14,188.02,341.22,$200-400k,Continuing
201400325,spencer5@google.com,0.0,0.0,31.09,0.0,3,Casual Visitor,40.06,54.53,51.82,$200-400k,Continuing
201400326,jpatel9@charter.net,0.0,0.0,0.0,515.86,0,High Roller,1416.24,412.97,396.9,$400-800k,Continuing
201400327,williamsont@yahoo.com,11.9,40.12,290.79,0.0,4,Casual Visitor,251.68,599.59,562.28,$400-800k,Continuing
201400328,mmartinez9@gmx.com,0.0,0.0,209.21,0.0,3,Casual Visitor,138.3,263.13,277.32,$200-400k,Continuing
201400329,pvaldez7@yahoo.com,0.0,0.0,249.38,0.0,2,Casual Visitor,240.08,160.58,180.64,$100-200k,Continuing
201400330,murphyj@hotmail.com,0.0,78.76,0.0,0.0,0,Luxury Estate,126.98,88.37,70.48,$800-1200k,Continuing
201400331,munoz6@bellsouth.net,0.0,0.0,0.0,544.28,0,High Roller,232.09,933.03,754.79,$400-800k,Continuing
201400332,miller3@sbcglobal.net,0.0,0.0,403.72,0.0,3,Casual Visitor,306.24,488.15,710.97,$400-800k,Continuing
201400333,karm45@mail.com,0.0,0.0,273.78,0.0,2,Casual Visitor,68.8,293.55,403.13,$200-400k,Continuing
201400334,katw64@cox.net,0.0,0.0,278.04,0.0,2,Casual Visitor,36.66,469.23,515.83,$200-400k,Continuing
201400338,elong@google.com,0.0,0.0,82.07,0.0,2,Casual Visitor,90.82,73.36,72.47,$100-200k,Continuing
201400339,r.gray@google.com,0.0,0.0,148.21,0.0,2,Casual Visitor,53.76,72.37,258.21,$200-400k,Continuing
201400340,m.smith@gmx.com,123.6,0.0,160.39,0.0,3,Casual Visitor,97.06,205.35,466.26,$400-800k,Continuing
201400341,lopezb@googlemail.com,0.0,0.0,177.28,0.0,1,Wine Enthusiast,1749.73,1144.73,756.69,$200-400k,Continuing
201400342,sgraham5@cox.net,0.0,38.31,44.39,0.0,4,Casual Visitor,116.29,112.61,103.98,$400-800k,Continuing
201400344,rush3@earthlink.net,538.7,0.0,0.0,0.0,0,Wine Enthusiast,274.76,1279.51,2746.41,$100-200k,Continuing
201400345,blackg@bellsouth.net,0.0,0.0,719.07,0.0,4,Casual Visitor,596.94,853.65,1201.19,$400-800k,Continuing
201400346,ednp93@cox.net,0.0,296.82,0.0,0.0,0,Luxury Estate,492.2,411.52,331.49,$800-1200k,Continuing
201400347,mjones7@me.com,0.0,0.0,272.46,0.0,2,Casual Visitor,204.92,222.18,262.96,$100-200k,Continuing
201400348,marh77@att.net,0.0,0.0,0.0,113.43,0,High Roller,30.66,146.15,189.51,$400-800k,Continuing
201400349,fmarquez8@googlemail.com,0.0,0.0,109.79,0.0,3,Casual Visitor,100.98,149.35,150.88,$200-400k,Continuing
201400350,allen3@mail.com,0.0,0.0,105.14,0.0,1,Casual Visitor,58.04,255.17,305.23,Below $100k,Continuing
201400351,norg76@mac.com,0.0,0.0,278.35,0.0,2,Casual Visitor,46.8,173.64,490.39,$200-400k,Continuing
201400352,r.moore@charter.net,0.0,0.0,0.0,343.13,0,High Roller,3613.32,2252.73,119.08,$400-800k,Continuing
201400353,lwarner9@google.com,0.0,0.0,320.81,0.0,2,Casual Visitor,240.5,273.72,339.74,$200-400k,Continuing
201400354,chrh25@live.com,0.0,0.0,301.68,0.0,3,Casual Visitor,96.81,497.54,439.13,$200-400k,Continuing
201400355,j.robertson@msn.com,0.0,0.0,81.17,0.0,1,Casual Visitor,60.12,231.78,183.3,Below $100k,Continuing
201400356,lara69@live.com,0.0,0.0,464.82,0.0,3,Casual Visitor,386.99,516.01,662.71,$200-400k,Continuing
201400358,mdavis2@google.com,0.0,0.0,25.1,0.0,1,Casual Visitor,47.18,54.16,54.84,Below $100k,Continuing
201400359,r.gates@hotmail.com,116.42,29.23,676.11,0.0,4,Casual Visitor,368.24,2261.94,1664.42,$400-800k,Continuing
201400360,odonnell1@bellsouth.net,0.0,0.0,179.63,0.0,2,Casual Visitor,42.84,158.27,243.0,$200-400k,Continuing
201400361,allen2@mac.com,0.0,0.0,239.54,0.0,2,Casual Visitor,32.51,35.81,321.7,$100-200k,Continuing
201400364,aboy81@bellsouth.net,0.0,0.0,438.48,0.0,3,Casual Visitor,37.76,416.52,890.3,$200-400k,Continuing
201400365,kjohnson4@facebook.com,0.0,0.0,105.24,0.0,1,Casual Visitor,17.97,427.08,327.16,Below $100k,Continuing
201400366,linr45@att.net,0.0,0.0,260.08,0.0,4,Casual Visitor,32.58,225.34,529.69,$200-400k,Continuing
201400367,phamn@gmail.com,0.0,0.0,33.81,0.0,2,Casual Visitor,39.47,38.31,38.67,$200-400k,Continuing
201400368,llee82@bellsouth.net,0.0,0.0,89.36,0.0,2,Casual Visitor,134.09,108.27,60.67,$100-200k,Continuing
201400369,armstrongd@charter.net,0.0,0.0,217.6,0.0,3,Casual Visitor,56.69,184.14,419.88,$200-400k,Continuing
201400370,fpetty@verizon.net,0.0,0.0,67.74,0.0,1,Casual Visitor,35.75,74.72,79.22,$100-200k,Continuing
201400371,wtor90@cox.net,0.0,0.0,138.95,0.0,2,Casual Visitor,44.11,116.08,241.89,$200-400k,Continuing
201400372,pjen1@mac.com,0.0,0.0,415.75,0.0,4,Casual Visitor,75.75,735.97,744.19,$200-400k,Continuing
201400373,dschultz@verizon.net,0.0,0.0,24.0,0.0,3,Casual Visitor,33.26,32.82,31.56,$200-400k,Continuing
201400374,mferguson@cox.net,31.25,71.59,184.19,0.0,4,Casual Visitor,43.44,561.54,636.17,$400-800k,Continuing
201400375,patd26@gmail.com,0.0,0.0,143.64,0.0,2,Casual Visitor,36.9,108.18,232.14,$200-400k,Continuing
201400376,sarj35@google.com,0.0,0.0,394.94,0.0,3,Casual Visitor,59.82,502.81,767.51,$200-400k,Continuing
201400377,fcameron@live.com,0.0,0.0,170.84,0.0,2,Casual Visitor,39.35,386.17,276.1,$200-400k,Continuing
201400378,bward4@mac.com,0.0,0.0,65.85,0.0,1,Wine Enthusiast,121.29,362.85,577.65,$200-400k,Continuing
201400380,r.johnson@live.com,0.0,0.0,246.09,0.0,2,Casual Visitor,177.86,199.81,218.77,$100-200k,Continuing
201400381,cunninghamf@me.com,0.0,368.88,0.0,0.0,0,Luxury Estate,187.97,277.24,351.64,$400-800k,Continuing
201400382,pent22@sbcglobal.net,0.0,0.0,286.66,0.0,2,Casual Visitor,388.0,338.67,237.62,$200-400k,Continuing
201400383,s.anderson@gmail.com,0.0,45.78,553.69,0.0,4,Casual Visitor,48.46,87.12,1506.88,$400-800k,Continuing
201400384,moonm@comcast.net,0.0,0.0,40.41,0.0,1,Casual Visitor,48.93,71.59,91.88,Below $100k,Continuing
201400386,chrn2@facebook.com,0.0,0.0,198.99,0.0,1,Casual Visitor,150.16,140.0,143.15,$100-200k,Continuing
201400388,awalker6@aol.com,0.0,0.0,162.42,0.0,2,Casual Visitor,41.73,262.5,213.31,$200-400k,Continuing
201400389,cbryant@live.com,0.0,0.0,143.91,0.0,2,Casual Visitor,64.15,243.63,205.47,$200-400k,Continuing
201400390,wesh48@juno.com,0.0,0.0,260.83,0.0,2,Casual Visitor,35.46,189.61,345.59,$100-200k,Continuing
201400391,d.flowers@yahoo.com,0.0,0.0,67.28,0.0,1,Casual Visitor,38.88,210.69,185.52,Below $100k,Continuing
201400392,aevans2@sbcglobal.net,0.0,0.0,79.43,0.0,1,Wine Enthusiast,161.13,389.32,701.41,$200-400k,Continuing
201400393,russellh@cox.net,0.0,0.0,177.4,0.0,1,Casual Visitor,15.64,283.67,630.04,Below $100k,Continuing
201400394,m.nguyen@msn.com,0.0,318.98,0.0,0.0,0,Luxury Estate,337.2,155.67,186.42,$400-800k,Continuing
201400395,nguyen1@live.com,0.0,0.0,94.38,0.0,2,Casual Visitor,85.58,87.92,99.4,$200-400k,Continuing
201400396,b.kennedy@msn.com,0.0,0.0,150.07,0.0,2,Casual Visitor,82.98,195.35,189.77,$200-400k,Continuing
201400397,ltorres@comcast.net,0.0,293.98,0.0,0.0,0,Luxury Estate,556.18,276.33,238.93,$400-800k,Continuing
201400398,stewart7@google.com,0.0,0.0,356.77,0.0,2,Casual Visitor,32.52,732.44,600.26,$200-400k,Continuing
201400399,collins8@bellsouth.net,0.0,0.0,73.36,0.0,2,Casual Visitor,43.07,50.78,72.07,$100-200k,Continuing
201400400,ofro76@comcast.net,0.0,0.0,376.35,0.0,3,Casual Visitor,278.46,556.6,529.77,$200-400k,Continuing
201400401,castro2@verizon.net,0.0,0.0,178.97,0.0,2,Casual Visitor,51.17,55.13,233.41,$200-400k,Continuing
201400402,trhodes3@att.net,0.0,0.0,130.04,0.0,1,Casual Visitor,55.71,336.75,335.58,Below $100k,Continuing
201400403,bmccarthy5@att.net,413.48,730.08,238.67,76.28,2,Luxury Estate,304.46,1056.03,2812.58,$800-1200k,Continuing
201400404,hardin5@bellsouth.net,0.0,0.0,252.6,0.0,2,Casual Visitor,215.08,209.96,211.23,$100-200k,Continuing
201400405,jenh30@hotmail.com,0.0,0.0,55.82,0.0,3,Casual Visitor,41.85,72.88,96.17,$200-400k,Continuing
201400407,pearsonm@cox.net,0.0,0.0,0.0,139.72,0,High Roller,90.55,179.28,193.37,$400-800k,Continuing
201400408,kevw55@hotmail.com,0.0,0.0,246.77,0.0,4,Casual Visitor,102.88,356.93,439.16,$200-400k,Continuing
201400410,nharris3@sbcglobal.net,0.0,0.0,437.42,0.0,3,Casual Visitor,59.6,511.35,818.36,$200-400k,Continuing
201400412,nelsonm@google.com,0.0,0.0,219.57,0.0,3,Casual Visitor,118.13,207.8,298.45,$200-400k,Continuing
201400414,gardnerd@att.net,0.0,0.0,0.0,0.0,3,Casual Visitor,145.19,992.08,718.98,$200-400k,Continuing
201400416,henry1@charter.net,0.0,0.0,0.0,0.0,1,Wine Enthusiast,2314.12,1427.78,1000.91,$200-400k,Continuing
201400417,j.allen@live.com,0.0,0.0,385.57,0.0,2,Casual Visitor,79.91,159.5,593.47,$200-400k,Continuing
201400418,mmartinez3@att.net,0.0,0.0,0.0,0.0,3,Casual Visitor,27.19,165.13,304.67,$200-400k,Continuing
201400419,annr48@facebook.com,0.0,259.3,0.0,0.0,0,Luxury Estate,1112.68,1051.86,215.95,$800-1200k,Continuing
201400420,josb98@gmail.com,0.0,0.0,168.54,0.0,1,Casual Visitor,57.42,311.76,504.03,Below $100k,Continuing
201400422,fcoo85@facebook.com,0.0,0.0,93.21,0.0,1,Casual Visitor,99.49,214.91,204.06,Below $100k,Continuing
201400423,j.thompson@sbcglobal.net,101.81,109.79,729.51,0.0,4,Casual Visitor,250.76,822.24,1975.04,$400-800k,Continuing
201400424,bryant4@att.net,0.0,0.0,265.69,0.0,3,Casual Visitor,52.74,508.07,475.14,$200-400k,Continuing
201400426,mlea87@me.com,0.0,0.0,152.87,0.0,2,Casual Visitor,28.4,261.18,212.82,$100-200k,Continuing
201400427,yolh26@gmx.com,52.67,47.76,357.25,0.0,4,Casual Visitor,446.28,513.71,555.77,$400-800k,Continuing
201400429,kosborn@cox.net,0.0,0.0,353.08,0.0,3,Casual Visitor,45.0,381.94,734.53,$200-400k,Continuing
201400430,irmh83@facebook.com,0.0,0.0,305.6,0.0,2,Casual Visitor,39.16,112.38,522.19,$200-400k,Continuing
201400431,e.frederick@verizon.net,0.0,0.0,161.38,0.0,1,Casual Visitor,183.21,338.26,309.06,Below $100k,Continuing
201400432,mriley@cox.net,0.0,0.0,465.35,0.0,3,Casual Visitor,44.35,1316.32,897.79,$200-400k,Continuing
201400433,asoto@gmail.com,0.0,0.0,0.0,212.23,0,High Roller,494.11,237.88,142.31,$400-800k,Continuing
201400436,pmar4@gmail.com,0.0,0.0,0.0,366.6,0,High Roller,558.52,455.21,322.02,$400-800k,Continuing
201400437,hall5@gmx.com,0.0,0.0,153.85,0.0,2,Casual Visitor,22.53,144.19,188.64,$100-200k,Continuing
201400438,fry3@sbcglobal.net,92.62,121.71,703.92,0.0,4,Casual Visitor,912.06,1394.02,1327.4,$400-800k,Continuing
201400439,jaml39@gmail.com,0.0,36.67,134.66,0.0,4,Casual Visitor,41.65,390.47,481.78,$400-800k,Continuing
201400440,downs6@msn.com,0.0,0.0,67.72,0.0,1,Casual Visitor,36.74,90.48,248.0,Below $100k,Continuing
201400441,gordonc@charter.net,0.0,0.0,339.6,0.0,2,Casual Visitor,68.7,215.87,366.49,$100-200k,Continuing
201400442,timb32@live.com,0.0,0.0,111.19,0.0,1,Casual Visitor,62.77,296.63,310.51,Below $100k,Continuing
201400443,williamsg@aol.com,0.0,0.0,0.0,81.94,0,High Roller,374.14,105.22,46.88,$400-800k,Continuing
201400444,mhill@comcast.net,0.0,0.0,198.29,0.0,1,Casual Visitor,75.79,439.39,524.62,Below $100k,Continuing
201400445,carpenter3@bellsouth.net,0.0,0.0,0.0,253.94,0,High Roller,324.78,231.77,224.97,$400-800k,Continuing
201400446,m.allen@verizon.net,0.0,57.23,408.8,0.0,3,Casual Visitor,437.72,700.25,790.86,$400-800k,Continuing
201400447,halel@google.com,0.0,0.0,64.92,0.0,1,Casual Visitor,42.79,51.51,56.21,$100-200k,Continuing
201400448,salas3@bellsouth.net,0.0,66.88,534.14,0.0,3,Casual Visitor,1327.59,349.36,659.01,$400-800k,Continuing
201400450,tpena5@aol.com,0.0,0.0,463.67,0.0,4,Casual Visitor,358.88,565.11,913.95,$400-800k,Continuing
201400451,graw17@facebook.com,0.0,0.0,173.46,0.0,2,Casual Visitor,37.1,82.62,301.19,$200-400k,Continuing
201400452,rhow63@comcast.net,0.0,0.0,79.91,0.0,3,Casual Visitor,52.47,85.19,129.14,$200-400k,Continuing
201400453,tbau84@gmail.com,0.0,0.0,548.06,0.0,3,Casual Visitor,87.64,468.34,989.15,$200-400k,Continuing
201400454,leot62@att.net,0.0,0.0,95.5,0.0,3,Casual Visitor,49.22,143.14,160.89,$200-400k,Continuing
201400455,s.wang@yahoo.com,0.0,0.0,58.06,0.0,3,Casual Visitor,36.54,40.39,100.18,$200-400k,Continuing
201400456,colec@juno.com,0.0,0.0,337.11,0.0,2,Casual Visitor,84.08,239.75,468.1,$200-400k,Continuing
201400457,valentine4@yahoo.com,151.64,0.0,249.86,0.0,1,Wine Enthusiast,3255.66,667.09,1448.27,$200-400k,Continuing
201400458,jchavez@cox.net,0.0,0.0,63.07,0.0,3,Casual Visitor,35.82,142.24,127.14,$200-400k,Continuing
201400461,geot83@mail.com,0.0,50.23,71.29,0.0,4,Casual Visitor,30.59,42.48,291.06,$400-800k,Continuing
201400462,rivera5@bellsouth.net,0.0,0.0,534.06,0.0,3,Casual Visitor,250.34,790.59,653.95,$200-400k,Continuing
201400464,eanderson2@msn.com,0.0,0.0,37.05,0.0,2,Casual Visitor,19.83,69.96,64.29,$200-400k,Continuing
201400465,alew53@verizon.net,130.19,0.0,0.0,0.0,0,Wine Enthusiast,403.06,388.97,366.22,$100-200k,Continuing
201400466,relliott@me.com,0.0,226.29,0.0,0.0,0,Luxury Estate,834.87,301.79,126.47,$400-800k,Continuing
201400467,tannerr@live.com,0.0,0.0,103.27,0.0,1,Casual Visitor,31.28,40.31,111.87,$100-200k,Continuing
201400468,harris7@comcast.net,0.0,0.0,60.56,0.0,1,Casual Visitor,22.82,36.85,61.28,$100-200k,Continuing
201400469,marl50@facebook.com,0.0,65.53,417.83,0.0,3,Casual Visitor,48.44,1623.6,1180.25,$400-800k,Continuing
201400470,j.graham@google.com,0.0,0.0,54.51,0.0,1,Casual Visitor,37.55,61.13,61.37,$100-200k,Continuing
201400471,k.moore@earthlink.net,0.0,0.0,133.92,0.0,3,Casual Visitor,50.08,287.89,277.28,$200-400k,Continuing
201400473,j2smith@charter.net,0.0,61.58,497.22,0.0,3,Casual Visitor,39.26,1517.2,1042.21,$200-400k,Continuing
201400474,rogers1@hotmail.com,0.0,0.0,176.33,0.0,1,Casual Visitor,161.73,184.69,441.72,Below $100k,Continuing
201400475,tsny12@gmx.com,0.0,62.46,390.87,0.0,3,Casual Visitor,115.03,799.24,884.03,$400-800k,Continuing
201400476,l.curtis@verizon.net,0.0,0.0,153.17,0.0,2,Casual Visitor,32.47,174.13,276.99,$200-400k,Continuing
201400477,jeah87@aol.com,0.0,47.22,464.24,0.0,4,Casual Visitor,611.62,620.28,746.24,$400-800k,Continuing
201400478,turnerb@mail.com,0.0,0.0,318.82,0.0,3,Casual Visitor,43.74,311.25,626.54,$200-400k,Continuing
201400479,johp49@google.com,0.0,0.0,218.95,0.0,3,Casual Visitor,127.78,171.13,379.13,$400-800k,Continuing
201400480,acar95@cox.net,0.0,0.0,409.22,0.0,3,Casual Visitor,299.77,637.03,549.31,$200-400k,Continuing
201400481,pbauer@cox.net,0.0,44.31,95.81,0.0,4,Casual Visitor,82.92,168.89,240.13,$400-800k,Continuing
201400482,mjoh57@att.net,0.0,0.0,235.01,0.0,2,Casual Visitor,41.95,246.69,400.75,$200-400k,Continuing
201400483,m.fletcher@juno.com,0.0,253.15,0.0,0.0,0,Luxury Estate,62.06,423.99,365.51,$800-1200k,Continuing
201400484,nbailey@gmail.com,0.0,0.0,99.7,0.0,2,Casual Visitor,34.48,92.16,161.09,$200-400k,Continuing
201400486,fany72@live.com,0.0,0.0,278.17,0.0,3,Casual Visitor,252.9,347.95,351.74,$200-400k,Continuing
201400487,a.phelps@aol.com,0.0,0.0,267.81,0.0,3,Casual Visitor,85.44,707.01,513.08,$400-800k,Continuing
201400488,joec20@aol.com,0.0,0.0,224.58,0.0,4,Casual Visitor,65.14,513.48,387.35,$200-400k,Continuing
201400489,lleonard2@live.com,177.12,0.0,46.86,0.0,1,Wine Enthusiast,1361.4,234.47,483.4,$100-200k,Continuing
201400490,guerrero5@sbcglobal.net,0.0,84.72,159.71,0.0,3,Casual Visitor,54.61,731.21,552.44,$400-800k,Continuing
201400491,cisnerosd@mac.com,0.0,0.0,315.28,0.0,2,Casual Visitor,45.13,395.53,534.68,$200-400k,Continuing
201400492,mnguyen2@googlemail.com,0.0,0.0,36.2,0.0,3,Casual Visitor,66.88,59.25,48.98,$200-400k,Continuing
201400493,j.rice@cox.net,0.0,0.0,483.07,0.0,4,Casual Visitor,243.26,1221.76,946.66,$400-800k,Continuing
201400494,hscott6@mac.com,0.0,0.0,406.91,0.0,3,Casual Visitor,170.7,644.59,504.79,$200-400k,Continuing
201400496,o.taylor@mac.com,0.0,0.0,50.04,0.0,1,Casual Visitor,35.38,177.98,141.75,Below $100k,Continuing
201400498,tbaker@juno.com,0.0,0.0,24.0,0.0,2,Casual Visitor,29.27,44.79,44.09,$200-400k,Continuing
201400499,ehunt8@mac.com,0.0,0.0,93.95,0.0,3,Casual Visitor,24.41,137.3,167.46,$200-400k,Continuing
201400500,judr74@att.net,0.0,0.0,361.37,0.0,4,Casual Visitor,95.76,844.19,606.93,$200-400k,Continuing
201400501,wallace4@gmx.com,0.0,0.0,372.43,0.0,3,Casual Visitor,659.96,236.49,361.46,$200-400k,Continuing
201400503,wspa14@mail.com,0.0,0.0,436.22,0.0,3,Casual Visitor,210.87,252.06,538.18,$200-400k,Continuing
201400504,c.wolfe@googlemail.com,0.0,0.0,187.41,0.0,4,Casual Visitor,43.22,94.58,410.61,$400-800k,Continuing
201400505,diac76@aol.com,0.0,89.81,335.13,0.0,4,Casual Visitor,142.83,687.27,844.71,$400-800k,Continuing
201400507,jwells@me.com,0.0,0.0,93.89,0.0,2,Casual Visitor,42.52,42.67,133.29,$200-400k,Continuing
201400508,mbak45@gmx.com,0.0,212.96,0.0,0.0,0,Luxury Estate,145.85,157.1,240.19,$800-1200k,Continuing
201400509,j.holloway@google.com,0.0,0.0,24.0,0.0,2,Casual Visitor,31.45,24.6,25.52,$200-400k,Continuing
201400510,jcoh1@sbcglobal.net,0.0,102.85,0.0,0.0,0,Luxury Estate,173.38,134.56,68.06,$400-800k,Continuing
201400511,r.hensley@charter.net,420.88,0.0,64.64,0.0,1,Wine Enthusiast,1933.87,1860.86,1884.54,$200-400k,Continuing
201400512,saunders1@comcast.net,0.0,0.0,24.0,0.0,1,Casual Visitor,32.97,47.04,55.45,Below $100k,Continuing
201400513,j.parrish@live.com,0.0,0.0,51.5,0.0,1,Casual Visitor,59.63,53.5,36.19,$100-200k,Continuing
201400515,walw98@earthlink.net,0.0,0.0,144.96,0.0,1,Casual Visitor,136.92,269.83,334.33,Below $100k,Continuing
201400516,westh@earthlink.net,0.0,0.0,358.61,0.0,2,Casual Visitor,106.55,475.77,553.03,$200-400k,Continuing
201400517,smithm@cox.net,0.0,0.0,26.97,0.0,2,Casual Visitor,17.45,29.22,37.02,$100-200k,Continuing
201400519,wayh18@facebook.com,0.0,0.0,67.97,0.0,1,Casual Visitor,165.11,151.34,109.48,Below $100k,Continuing
201400520,mwatson3@facebook.com,0.0,0.0,432.43,0.0,3,Casual Visitor,50.1,632.93,898.05,$200-400k,Continuing
201400521,l.keller@yahoo.com,0.0,24.81,287.13,0.0,2,Casual Visitor,129.12,463.44,389.27,$200-400k,Continuing
201400522,j.brown@att.net,0.0,0.0,389.84,0.0,2,Casual Visitor,109.81,494.92,591.06,$200-400k,Continuing
201400523,andersone@comcast.net,0.0,0.0,373.9,0.0,3,Casual Visitor,35.78,37.3,780.24,$200-400k,Continuing
201400524,rdickson@verizon.net,0.0,0.0,164.97,0.0,1,Casual Visitor,56.17,115.94,136.71,$100-200k,Continuing
201400525,benh19@facebook.com,0.0,0.0,411.66,0.0,3,Casual Visitor,49.89,309.7,836.05,$200-400k,Continuing
201400526,mare46@msn.com,0.0,0.0,325.34,0.0,4,Casual Visitor,432.4,429.58,383.96,$200-400k,Continuing
201400527,mcol75@bellsouth.net,0.0,0.0,371.62,0.0,3,Casual Visitor,303.91,392.91,488.87,$200-400k,Continuing
201400528,annd51@live.com,0.0,0.0,342.22,0.0,2,Casual Visitor,51.74,142.49,601.65,$200-400k,Continuing
201400529,mark75@gmx.com,0.0,0.0,26.53,0.0,4,Casual Visitor,24.93,36.75,38.44,$200-400k,Continuing
201400530,cnor85@googlemail.com,0.0,0.0,282.18,0.0,3,Casual Visitor,37.69,385.1,596.56,$200-400k,Continuing
201400531,bgordon@aol.com,0.0,0.0,0.0,309.56,0,High Roller,144.4,428.68,408.65,$400-800k,Continuing
201400532,toml81@facebook.com,0.0,0.0,52.46,0.0,2,Casual Visitor,35.0,43.66,91.57,$200-400k,Continuing
201400533,rodriguezd@msn.com,0.0,0.0,158.71,0.0,3,Casual Visitor,36.76,361.84,308.01,$200-400k,Continuing
201400534,wilson8@live.com,0.0,0.0,74.18,0.0,2,Casual Visitor,66.08,94.0,100.72,$200-400k,Continuing
201400536,johnson6@sbcglobal.net,0.0,116.64,186.39,0.0,4,Casual Visitor,80.86,567.09,553.73,$400-800k,Continuing
201400537,figueroaj@comcast.net,314.43,56.39,344.85,0.0,1,Wine Enthusiast,534.42,7908.93,6358.35,$200-400k,Continuing
201400538,bennett5@earthlink.net,0.0,0.0,115.8,0.0,1,Casual Visitor,37.3,362.8,400.45,Below $100k,Continuing
201400540,rluna3@mail.com,0.0,0.0,138.04,0.0,1,Casual Visitor,88.2,95.18,96.43,$100-200k,Continuing
201400543,e.torres@att.net,0.0,0.0,326.51,0.0,3,Casual Visitor,59.77,228.37,593.38,$200-400k,Continuing
201400545,leachm@yahoo.com,0.0,177.0,0.0,0.0,0,Luxury Estate,839.75,472.6,93.34,$400-800k,Continuing
201400546,aalvarado9@msn.com,0.0,44.91,383.22,0.0,3,Casual Visitor,35.68,251.8,1067.43,$400-800k,Continuing
201400547,jwhi99@comcast.net,0.0,0.0,124.59,0.0,1,Casual Visitor,35.25,456.65,383.52,Below $100k,Continuing
201400548,lamb3@gmail.com,0.0,0.0,351.45,0.0,2,Casual Visitor,69.14,314.71,524.71,$200-400k,Continuing
201400549,parker2@hotmail.com,0.0,0.0,159.01,0.0,3,Casual Visitor,310.21,103.78,148.01,$200-400k,Continuing
201400551,petp11@bellsouth.net,0.0,0.0,543.29,0.0,4,Casual Visitor,63.56,931.64,1530.67,$400-800k,Continuing
201400553,jlarson1@facebook.com,0.0,84.47,573.34,0.0,4,Casual Visitor,132.61,1367.52,1612.6,$400-800k,Continuing
201400554,jjoh1@googlemail.com,0.0,0.0,184.97,0.0,3,Casual Visitor,113.7,338.81,307.81,$400-800k,Continuing
201400555,kmar62@juno.com,0.0,0.0,110.13,0.0,3,Casual Visitor,35.69,218.71,225.4,$200-400k,Continuing
201400556,hartt@gmx.com,0.0,0.0,192.33,0.0,1,Casual Visitor,437.05,224.76,267.61,Below $100k,Continuing
201400557,holmes6@yahoo.com,0.0,0.0,97.68,0.0,1,Casual Visitor,44.62,111.39,90.17,$100-200k,Continuing
201400558,ldominguez@att.net,0.0,348.55,0.0,0.0,0,Luxury Estate,242.99,210.38,162.4,$1200-1800k,Continuing
201400559,pjones8@cox.net,0.0,0.0,431.82,0.0,3,Casual Visitor,394.76,491.91,569.32,$200-400k,Continuing
201400560,lbro50@gmail.com,0.0,0.0,185.25,0.0,3,Casual Visitor,21.29,396.42,347.32,$200-400k,Continuing
201400561,bdiaz@hotmail.com,0.0,319.37,0.0,0.0,0,Luxury Estate,357.27,387.13,390.23,$800-1200k,Continuing
201400562,nfitzgerald@gmx.com,0.0,0.0,98.3,0.0,1,Casual Visitor,64.85,121.85,285.53,Below $100k,Continuing
201400563,syll1@juno.com,0.0,0.0,199.97,0.0,2,Casual Visitor,254.32,237.32,186.41,$200-400k,Continuing
201400564,lrod1@hotmail.com,0.0,0.0,77.07,0.0,1,Casual Visitor,112.44,159.52,161.7,Below $100k,Continuing
201400565,dmil51@juno.com,423.27,0.0,0.0,0.0,0,Wine Enthusiast,1834.16,1703.33,1111.98,$100-200k,Continuing
201400566,kle@earthlink.net,0.0,0.0,61.02,0.0,2,Casual Visitor,19.36,114.16,105.6,$200-400k,Continuing
201400567,johb93@yahoo.com,0.0,0.0,45.39,0.0,1,Casual Visitor,18.63,57.52,150.74,Below $100k,Continuing
201400569,patb81@yahoo.com,0.0,342.77,0.0,0.0,0,Luxury Estate,170.41,505.53,472.29,$800-1200k,Continuing
201400570,etaylor7@mail.com,0.0,0.0,98.49,0.0,1,Casual Visitor,40.48,54.8,98.37,$100-200k,Continuing
201400571,fbur31@earthlink.net,0.0,0.0,198.15,0.0,2,Casual Visitor,40.51,165.33,258.98,$100-200k,Continuing
201400572,r.cunningham@aol.com,0.0,0.0,497.87,0.0,3,Casual Visitor,191.81,221.9,731.44,$200-400k,Continuing
201400573,n.greer@live.com,26.67,25.43,324.78,0.0,4,Casual Visitor,114.47,544.16,808.31,$400-800k,Continuing
201400574,cons24@msn.com,0.0,0.0,408.24,0.0,3,Casual Visitor,42.03,486.15,716.95,$200-400k,Continuing
201400576,bpatterson1@googlemail.com,0.0,0.0,108.12,0.0,1,Casual Visitor,30.45,432.94,349.32,Below $100k,Continuing
201400577,c.taylor@hotmail.com,0.0,0.0,162.21,0.0,1,Casual Visitor,30.13,354.95,596.26,Below $100k,Continuing
201400578,gomez3@hotmail.com,0.0,27.33,232.59,0.0,4,Casual Visitor,401.18,375.83,337.12,$400-800k,Continuing
201400579,dsmi44@mac.com,0.0,0.0,165.09,0.0,2,Casual Visitor,93.72,178.62,159.62,$100-200k,Continuing
201400580,r.thompson@msn.com,0.0,356.3,0.0,0.0,0,Luxury Estate,31.93,343.94,703.08,$800-1200k,Continuing
201400581,mbal93@hotmail.com,0.0,0.0,180.18,0.0,2,Casual Visitor,48.72,134.99,205.76,$100-200k,Continuing
201400582,lawson7@me.com,0.0,0.0,143.81,0.0,2,Casual Visitor,37.95,132.19,185.92,$200-400k,Continuing
201400584,petersenr@comcast.net,0.0,0.0,284.23,0.0,3,Casual Visitor,33.14,85.25,522.26,$200-400k,Continuing
201400585,jtho26@mac.com,0.0,0.0,249.31,0.0,2,Casual Visitor,48.94,157.67,325.83,$100-200k,Continuing
201400586,chrv4@msn.com,0.0,0.0,194.49,0.0,1,Casual Visitor,78.34,103.97,159.75,$100-200k,Continuing
201400587,cbyr15@googlemail.com,0.0,0.0,329.73,0.0,2,Casual Visitor,177.15,408.02,371.06,$200-400k,Continuing
201400588,f.brooks@yahoo.com,0.0,0.0,334.01,0.0,3,Casual Visitor,122.07,194.34,577.19,$200-400k,Continuing
201400589,debb57@google.com,0.0,0.0,249.26,0.0,2,Casual Visitor,46.86,157.83,303.05,$100-200k,Continuing
201400590,dell21@comcast.net,0.0,27.45,171.63,0.0,3,Casual Visitor,44.1,510.43,357.41,$400-800k,Continuing
201400591,tima36@earthlink.net,0.0,0.0,64.72,0.0,1,Casual Visitor,35.84,53.06,54.88,$100-200k,Continuing
201400593,twoods@yahoo.com,0.0,0.0,149.1,0.0,1,Wine Enthusiast,762.52,794.21,864.24,$200-400k,Continuing
201400594,vparker1@comcast.net,332.61,0.0,125.97,0.0,1,Wine Enthusiast,353.97,2504.17,2374.21,$100-200k,Continuing
201400596,novak3@me.com,0.0,0.0,114.32,0.0,1,Casual Visitor,57.64,173.46,289.75,Below $100k,Continuing
201400597,sheppard1@aol.com,0.0,0.0,87.71,0.0,1,Casual Visitor,89.03,70.05,70.05,$100-200k,Continuing
201400598,dbel39@hotmail.com,0.0,0.0,426.9,0.0,3,Casual Visitor,48.75,625.9,774.34,$200-400k,Continuing
201400599,wolfem@att.net,128.52,70.81,219.11,0.0,3,Casual Visitor,74.46,653.83,822.75,$400-800k,Continuing
201400600,awhi66@live.com,0.0,0.0,128.99,0.0,1,Casual Visitor,43.05,162.16,138.87,$100-200k,Continuing
201400601,marm18@mail.com,0.0,0.0,168.38,0.0,2,Casual Visitor,30.65,70.18,286.16,$200-400k,Continuing
201400602,hillj@cox.net,0.0,0.0,95.21,0.0,2,Casual Visitor,56.76,73.35,107.49,$200-400k,Continuing
201400603,pfarley@sbcglobal.net,0.0,0.0,0.0,225.68,0,High Roller,560.27,312.59,160.4,$400-800k,Continuing
201400604,figueroa9@mac.com,0.0,0.0,396.08,0.0,4,Casual Visitor,45.9,924.52,1159.9,$400-800k,Continuing
201400605,m.jackson@bellsouth.net,0.0,66.69,0.0,0.0,0,Luxury Estate,60.22,59.72,59.37,$400-800k,Continuing
201400606,robo70@mac.com,0.0,0.0,292.18,0.0,3,Casual Visitor,65.78,248.01,484.75,$200-400k,Continuing
201400607,jordan4@charter.net,0.0,0.0,509.15,0.0,3,Casual Visitor,235.08,813.17,825.58,$200-400k,Continuing
201400608,jlew79@googlemail.com,0.0,0.0,239.15,0.0,3,Casual Visitor,74.91,545.17,410.9,$200-400k,Continuing
201400609,cruzj@live.com,0.0,0.0,507.4,0.0,3,Casual Visitor,153.83,838.66,855.33,$200-400k,Continuing
201400610,kjohnson5@gmail.com,0.0,0.0,110.72,0.0,1,Casual Visitor,33.57,90.88,116.34,$100-200k,Continuing
201400611,b.richard@googlemail.com,0.0,0.0,24.0,0.0,1,Casual Visitor,45.15,18.35,18.32,$100-200k,Continuing
201400612,burkep@google.com,0.0,0.0,58.01,0.0,2,Casual Visitor,39.78,75.22,81.88,$200-400k,Continuing
201400613,arroyo7@earthlink.net,0.0,0.0,340.78,0.0,2,Casual Visitor,45.72,754.62,626.87,$200-400k,Continuing
201400614,lrose8@cox.net,281.88,0.0,194.01,0.0,1,Wine Enthusiast,2252.41,2247.29,2095.59,$200-400k,Continuing
201400616,mlyons9@aol.com,52.69,86.12,330.61,0.0,4,Casual Visitor,30.86,341.63,1204.89,$400-800k,Continuing
201400617,gilbertr@sbcglobal.net,0.0,0.0,253.75,0.0,2,Casual Visitor,85.3,191.26,282.09,$100-200k,Continuing
201400618,jwilliams@msn.com,0.0,84.02,488.34,0.0,4,Casual Visitor,454.21,588.29,929.04,$400-800k,Continuing
201400619,magu16@yahoo.com,0.0,0.0,89.4,0.0,1,Casual Visitor,31.89,87.79,100.36,$100-200k,Continuing
201400620,mnash@comcast.net,0.0,67.75,0.0,0.0,0,Luxury Estate,715.14,115.28,30.16,$400-800k,Continuing
201400621,m.jenkins@mail.com,0.0,0.0,24.0,0.0,2,Casual Visitor,32.94,32.35,32.19,$200-400k,Continuing
201400624,thompson5@earthlink.net,0.0,0.0,169.43,0.0,3,Casual Visitor,25.64,198.35,349.64,$200-400k,Continuing
201400625,mharrison@gmail.com,0.0,0.0,367.54,0.0,2,Casual Visitor,71.89,112.13,636.86,$200-400k,Continuing
201400626,johnson9@yahoo.com,0.0,0.0,257.86,0.0,3,Casual Visitor,39.62,503.84,465.18,$200-400k,Continuing
201400627,higginss@sbcglobal.net,0.0,22.07,129.92,0.0,4,Casual Visitor,95.37,310.36,249.55,$400-800k,Continuing
201400628,carh98@live.com,0.0,0.0,37.87,0.0,2,Casual Visitor,29.95,75.52,67.66,$200-400k,Continuing
201400630,smithj@yahoo.com,0.0,0.0,46.47,0.0,2,Casual Visitor,22.45,30.87,57.83,$100-200k,Continuing
201400631,lmarquez@hotmail.com,0.0,0.0,166.4,0.0,1,Casual Visitor,133.53,131.19,130.87,$100-200k,Continuing
201400632,wood2@earthlink.net,0.0,186.54,0.0,0.0,0,Luxury Estate,5942.35,4092.0,84.43,$800-1200k,Continuing
201400633,nunezt@facebook.com,0.0,0.0,49.48,0.0,2,Casual Visitor,21.29,38.47,77.42,$200-400k,Continuing
201400635,gmontgomery4@googlemail.com,0.0,0.0,373.91,0.0,3,Casual Visitor,61.92,586.84,692.34,$200-400k,Continuing
201400636,sbel89@google.com,288.53,0.0,0.0,0.0,0,Wine Enthusiast,5221.24,1378.08,397.93,$100-200k,Continuing
201400637,kmaxwell@facebook.com,0.0,89.51,233.91,0.0,4,Casual Visitor,471.92,463.5,441.97,$400-800k,Continuing
201400638,jwright@verizon.net,0.0,0.0,200.86,0.0,2,Casual Visitor,42.01,458.31,331.48,$200-400k,Continuing
201400639,lawr36@juno.com,0.0,199.93,0.0,0.0,0,Luxury Estate,93.33,296.1,315.93,$800-1200k,Continuing
201400640,bfuller@hotmail.com,0.0,0.0,137.14,0.0,3,Casual Visitor,45.26,283.93,248.05,$200-400k,Continuing
201400641,flynnb@aol.com,0.0,0.0,0.0,536.98,0,High Roller,117.88,664.12,726.71,$400-800k,Continuing
201400642,jsmith@google.com,0.0,0.0,177.15,0.0,3,Casual Visitor,128.08,212.81,249.96,$200-400k,Continuing
201400643,watsont@live.com,0.0,0.0,355.46,0.0,2,Casual Visitor,343.0,332.47,334.62,$200-400k,Continuing
201400644,ferguson9@aol.com,0.0,0.0,285.78,0.0,3,Casual Visitor,219.51,249.36,341.09,$200-400k,Continuing
201400645,rsha93@live.com,0.0,0.0,106.33,0.0,2,Casual Visitor,60.08,78.52,108.68,$100-200k,Continuing
201400646,elyons8@googlemail.com,0.0,0.0,149.99,0.0,2,Casual Visitor,51.1,303.62,247.24,$200-400k,Continuing
201400647,abell@gmail.com,0.0,0.0,352.06,0.0,2,Casual Visitor,144.3,580.84,503.74,$200-400k,Continuing
201400648,b.stewart@charter.net,458.56,151.25,0.0,0.0,0,Wine Enthusiast,3873.96,2837.4,1575.48,$200-400k,Continuing
201400650,mcopeland4@att.net,0.0,0.0,175.3,0.0,1,Casual Visitor,65.8,541.14,525.94,Below $100k,Continuing
201400651,reeves1@facebook.com,0.0,0.0,180.23,0.0,2,Casual Visitor,51.04,117.54,312.86,$200-400k,Continuing
201400652,sdel90@google.com,0.0,0.0,190.08,0.0,2,Casual Visitor,156.69,171.36,171.12,$100-200k,Continuing
201400653,dprice8@live.com,0.0,0.0,52.44,0.0,2,Casual Visitor,35.48,81.3,69.06,$200-400k,Continuing
201400654,johnsonm@charter.net,0.0,0.0,291.77,0.0,2,Casual Visitor,168.56,275.52,352.22,$200-400k,Continuing
201400655,josb40@comcast.net,277.48,139.92,183.53,0.0,1,Wine Enthusiast,1833.51,2480.61,2609.65,$200-400k,Continuing
201400656,a.collins@sbcglobal.net,0.0,0.0,361.22,0.0,3,Casual Visitor,137.13,157.53,562.61,$200-400k,Continuing
201400658,jyan11@juno.com,0.0,0.0,55.92,0.0,1,Casual Visitor,24.47,65.58,56.41,$100-200k,Continuing
201400659,maysi@juno.com,0.0,0.0,171.08,0.0,3,Casual Visitor,143.61,225.35,237.2,$200-400k,Continuing
201400660,halld@sbcglobal.net,0.0,52.47,543.71,0.0,4,Casual Visitor,172.72,1461.91,1216.04,$400-800k,Continuing
201400661,clined@live.com,0.0,0.0,398.61,0.0,4,Casual Visitor,570.37,524.58,454.8,$200-400k,Continuing
201400662,rodriguez8@google.com,0.0,0.0,257.06,0.0,3,Casual Visitor,31.95,66.31,503.63,$200-400k,Continuing
201400663,marg21@att.net,0.0,0.0,285.86,0.0,2,Casual Visitor,40.56,58.92,454.33,$200-400k,Continuing
201400664,r.hayden@bellsouth.net,0.0,0.0,347.62,0.0,2,Casual Visitor,160.55,190.68,274.87,$100-200k,Continuing
201400665,jeng65@mac.com,0.0,235.43,0.0,0.0,0,Luxury Estate,36.75,87.64,467.75,$800-1200k,Continuing
201400666,melw52@cox.net,48.41,85.1,557.31,0.0,4,Casual Visitor,875.12,863.68,850.1,$400-800k,Continuing
201400667,cpar25@yahoo.com,0.0,0.0,303.18,0.0,2,Casual Visitor,58.62,75.63,564.21,$200-400k,Continuing
201400668,blankenship4@gmail.com,0.0,0.0,688.29,0.0,4,Casual Visitor,100.89,2086.02,1444.33,$200-400k,Continuing
201400669,kaiser8@google.com,0.0,0.0,341.83,0.0,2,Casual Visitor,39.78,192.71,530.59,$200-400k,Continuing
201400670,espe74@aol.com,0.0,122.55,0.0,0.0,0,Luxury Estate,129.66,88.65,99.84,$400-800k,Continuing
201400671,kelly1@aol.com,0.0,0.0,100.93,0.0,2,Casual Visitor,71.02,84.23,82.8,$100-200k,Continuing
201400672,tgra73@att.net,0.0,0.0,95.05,0.0,1,Casual Visitor,36.89,80.47,255.84,Below $100k,Continuing
201400673,msmith@hotmail.com,0.0,0.0,373.53,0.0,2,Casual Visitor,128.03,664.8,539.25,$200-400k,Continuing
201400674,stonel@msn.com,0.0,386.58,0.0,0.0,0,Luxury Estate,32.03,618.6,452.31,$400-800k,Continuing
201400676,itap15@googlemail.com,0.0,0.0,225.74,0.0,2,Casual Visitor,23.62,74.82,377.34,$200-400k,Continuing
201400677,d.lucas@yahoo.com,73.49,22.56,534.97,0.0,4,Casual Visitor,123.68,1329.96,1382.72,$400-800k,Continuing
201400678,crob54@me.com,0.0,0.0,51.91,0.0,2,Casual Visitor,20.76,98.5,97.02,$200-400k,Continuing
201400680,rowe1@verizon.net,0.0,0.0,347.57,0.0,2,Casual Visitor,29.18,539.36,433.44,$100-200k,Continuing
201400681,russell5@msn.com,0.0,0.0,286.02,0.0,3,Casual Visitor,82.89,157.03,419.06,$200-400k,Continuing
201400682,clan75@facebook.com,0.0,0.0,0.0,498.27,0,High Roller,195.65,654.91,675.1,$400-800k,Continuing
201400683,marcher@googlemail.com,0.0,381.48,0.0,0.0,0,Luxury Estate,4261.69,1315.25,241.35,$800-1200k,Continuing
201400684,jjon86@earthlink.net,0.0,0.0,24.0,0.0,3,Casual Visitor,35.7,33.18,24.42,$200-400k,Continuing
201400685,hernandez2@msn.com,0.0,0.0,0.0,508.49,0,High Roller,363.27,692.68,631.1,$400-800k,Continuing
201400686,ibaker@charter.net,0.0,0.0,44.08,0.0,3,Casual Visitor,41.16,48.67,52.89,$200-400k,Continuing
201400687,arld3@gmail.com,0.0,84.74,0.0,0.0,0,Luxury Estate,34.98,98.38,92.34,$400-800k,Continuing
201400688,evansr@aol.com,0.0,0.0,167.89,0.0,2,Casual Visitor,92.84,159.03,151.44,$100-200k,Continuing
201400689,rmye46@charter.net,0.0,0.0,134.38,0.0,3,Casual Visitor,37.72,168.56,240.16,$200-400k,Continuing
201400690,hanson5@mac.com,0.0,918.3,0.0,0.0,0,Luxury Estate,97.9,2252.08,2099.02,Above $1800k,Continuing
201400691,gaic65@aol.com,0.0,180.68,0.0,0.0,0,Luxury Estate,1910.49,648.69,117.6,$800-1200k,Continuing
201400692,bryantl@sbcglobal.net,0.0,0.0,0.0,472.44,0,High Roller,906.97,275.19,386.3,$400-800k,Continuing
201400695,sgra19@gmail.com,0.0,0.0,125.45,0.0,2,Casual Visitor,28.11,236.94,232.03,$200-400k,Continuing
201400696,rsmith6@yahoo.com,0.0,0.0,305.44,0.0,1,Wine Enthusiast,691.78,1512.32,1386.92,$100-200k,Continuing
201400700,robinson6@aol.com,1277.53,186.21,1592.97,167.73,10,High Roller,7236.61,5809.01,3467.19,$1200-1800k,Continuing
201400701,gonzales6@gmail.com,127.65,0.0,170.04,0.0,4,Casual Visitor,213.3,268.61,449.87,$400-800k,Continuing
201400702,adaniel1@mail.com,0.0,0.0,24.0,0.0,2,Casual Visitor,23.11,39.99,36.56,$200-400k,Continuing
201400703,dferguson9@aol.com,0.0,0.0,383.7,0.0,2,Casual Visitor,129.75,273.6,511.06,$200-400k,Continuing
201400704,reid5@live.com,0.0,0.0,135.82,0.0,1,Casual Visitor,78.53,259.32,395.54,Below $100k,Continuing
201400705,hurstw@hotmail.com,0.0,0.0,113.93,0.0,3,Casual Visitor,39.33,114.79,233.95,$200-400k,Continuing
201400706,schmidtf@sbcglobal.net,0.0,0.0,557.01,0.0,3,Casual Visitor,22.59,454.63,1254.16,$400-800k,Continuing
201400707,paml29@hotmail.com,0.0,0.0,322.31,0.0,2,Casual Visitor,74.24,329.56,449.83,$200-400k,Continuing
201400709,knighte@gmx.com,0.0,51.76,236.11,0.0,4,Casual Visitor,97.95,801.46,574.77,$400-800k,Continuing
201400710,jscott6@juno.com,0.0,0.0,172.5,0.0,2,Casual Visitor,191.45,182.64,152.07,$200-400k,Continuing
201400711,tanderson7@msn.com,0.0,0.0,360.13,0.0,3,Casual Visitor,269.93,286.11,450.65,$200-400k,Continuing
201400712,l.walsh@google.com,0.0,182.28,0.0,0.0,0,Luxury Estate,1319.47,1211.16,115.15,$800-1200k,Continuing
201400713,davis1@mail.com,153.5,68.46,132.22,0.0,4,Casual Visitor,19.08,646.25,799.84,$400-800k,Continuing
201400714,pscott2@comcast.net,0.0,82.03,586.75,0.0,4,Casual Visitor,33.79,322.47,1840.48,$400-800k,Continuing
201400715,lhull7@live.com,0.0,0.0,293.44,0.0,3,Casual Visitor,443.31,407.92,300.16,$200-400k,Continuing
201400716,neall@me.com,314.99,1266.27,191.73,335.75,2,Luxury Estate,836.8,1556.97,1367.6,$1200-1800k,Continuing
201400717,smckinney1@comcast.net,0.0,0.0,83.59,0.0,1,Casual Visitor,39.7,49.35,85.15,$100-200k,Continuing
201400718,hicksg@me.com,0.0,0.0,272.69,0.0,2,Casual Visitor,142.13,296.25,314.76,$200-400k,Continuing
201400719,marc24@gmx.com,0.0,0.0,232.75,0.0,3,Casual Visitor,39.74,651.43,459.9,$200-400k,Continuing
201400720,jmason@verizon.net,0.0,0.0,113.43,0.0,1,Casual Visitor,44.4,112.32,95.91,$100-200k,Continuing
201400721,smith8@charter.net,0.0,56.69,0.0,0.0,0,Luxury Estate,61.06,51.72,48.83,$400-800k,Continuing
201400722,hardy5@google.com,0.0,76.57,479.88,0.0,4,Casual Visitor,501.44,1124.39,938.26,$400-800k,Continuing
201400724,garciaa@gmail.com,0.0,0.0,52.24,0.0,1,Casual Visitor,28.14,46.72,63.35,$100-200k,Continuing
201400725,jeac44@verizon.net,0.0,0.0,330.67,0.0,2,Casual Visitor,187.21,301.75,275.62,$100-200k,Continuing
201400726,e.adams@google.com,0.0,0.0,141.98,0.0,3,Casual Visitor,98.24,141.29,226.6,$400-800k,Continuing
201400727,bhansen8@charter.net,76.04,821.56,103.86,53.14,1,Luxury Estate,9080.98,792.3,228.98,$1200-1800k,Continuing
201400728,walw9@gmail.com,37.26,82.04,574.97,0.0,4,Casual Visitor,30.27,1311.66,1816.38,$400-800k,Continuing
201400729,shorn@comcast.net,506.1,0.0,0.0,0.0,0,Wine Enthusiast,1714.62,1972.18,2041.64,$100-200k,Continuing
201400730,smiller@facebook.com,0.0,0.0,97.07,0.0,1,Casual Visitor,258.38,138.76,105.85,Below $100k,Continuing
201400731,rpratt@earthlink.net,0.0,0.0,348.99,0.0,4,Casual Visitor,216.43,358.21,710.41,$400-800k,Continuing
201400732,a.salazar@google.com,0.0,0.0,104.46,0.0,2,Casual Visitor,34.67,69.2,133.78,$100-200k,Continuing
201400733,melb31@mac.com,0.0,206.59,0.0,0.0,0,Luxury Estate,515.15,289.83,211.8,$800-1200k,Continuing
201400734,amason@hotmail.com,0.0,0.0,185.64,0.0,1,Casual Visitor,36.85,41.95,615.98,Below $100k,Continuing
201400735,mcdonaldl@me.com,0.0,0.0,81.49,0.0,1,Casual Visitor,47.01,131.85,209.67,Below $100k,Continuing
201400736,sullivan6@facebook.com,0.0,0.0,292.94,0.0,2,Casual Visitor,33.0,210.57,414.34,$100-200k,Continuing
201400737,tramirez@yahoo.com,0.0,86.03,490.56,0.0,4,Casual Visitor,51.14,189.44,1490.59,$400-800k,Continuing
201400738,ajoh49@aol.com,301.28,269.81,132.51,189.68,2,Wine Enthusiast,1695.93,1743.0,4997.23,$1200-1800k,Continuing
201400739,imoo15@live.com,0.0,0.0,131.19,0.0,1,Casual Visitor,73.79,136.8,356.41,Below $100k,Continuing
201400740,gken94@comcast.net,0.0,0.0,710.93,0.0,4,Casual Visitor,696.06,723.78,771.24,$200-400k,Continuing
201400742,bmacdonald@mac.com,0.0,0.0,256.97,0.0,2,Casual Visitor,33.77,145.79,447.35,$200-400k,Continuing
201400743,c.simmons@cox.net,75.86,67.1,465.11,0.0,4,Casual Visitor,154.1,1523.53,1183.41,$400-800k,Continuing
201400746,katw87@gmx.com,0.0,0.0,275.41,0.0,2,Casual Visitor,379.29,189.61,218.03,$100-200k,Continuing
201400747,hubj20@live.com,863.37,417.15,2106.28,282.95,10,Wine Enthusiast,737.21,59104.2,99690.35,Above $1800k,Continuing
201400750,mperry@yahoo.com,0.0,0.0,77.4,0.0,1,Casual Visitor,37.19,75.75,78.15,$100-200k,Continuing
201400751,sdouglas7@me.com,53.21,103.79,68.18,0.0,4,Casual Visitor,86.96,367.99,403.4,$400-800k,Continuing
201400752,emurphy6@verizon.net,0.0,0.0,185.25,0.0,2,Casual Visitor,33.43,220.93,252.24,$100-200k,Continuing
201400754,jclarke1@earthlink.net,0.0,0.0,325.05,0.0,3,Casual Visitor,190.94,409.39,421.83,$200-400k,Continuing
201400755,gonzalezn@google.com,0.0,0.0,311.75,0.0,3,Casual Visitor,40.58,510.38,658.4,$200-400k,Continuing
201400757,t.clayton@me.com,0.0,0.0,397.57,0.0,3,Casual Visitor,34.96,705.3,772.78,$200-400k,Continuing
201400758,dall98@comcast.net,0.0,0.0,245.7,0.0,2,Casual Visitor,24.81,459.51,419.59,$200-400k,Continuing
201400759,jspencer6@yahoo.com,0.0,0.0,382.46,0.0,2,Casual Visitor,49.41,129.1,458.84,$100-200k,Continuing
201400762,wwhitney@msn.com,0.0,0.0,31.18,0.0,2,Casual Visitor,22.2,56.42,53.93,$200-400k,Continuing
201400763,s.morgan@mail.com,0.0,0.0,146.67,0.0,3,Casual Visitor,22.16,33.63,300.83,$200-400k,Continuing
201400765,asan13@verizon.net,0.0,0.0,657.08,0.0,4,Casual Visitor,475.51,832.56,895.25,$200-400k,Continuing
201400767,simmonsk@google.com,0.0,0.0,298.93,0.0,3,Casual Visitor,485.62,378.54,280.03,$200-400k,Continuing
201400768,hmon36@comcast.net,0.0,0.0,339.12,0.0,2,Casual Visitor,53.06,267.0,593.43,$200-400k,Continuing
201400769,corr73@sbcglobal.net,0.0,0.0,65.87,0.0,1,Casual Visitor,54.95,98.57,196.39,Below $100k,Continuing
201400771,hood6@earthlink.net,0.0,0.0,219.17,0.0,2,Casual Visitor,229.01,185.87,187.9,$200-400k,Continuing
201400772,jpope8@att.net,0.0,0.0,195.45,0.0,2,Casual Visitor,30.6,31.8,331.12,$200-400k,Continuing
201400773,kbarry6@googlemail.com,0.0,0.0,178.11,0.0,1,Casual Visitor,88.17,471.31,499.62,Below $100k,Continuing
201400774,gonzales9@bellsouth.net,406.59,52.69,340.3,0.0,1,Wine Enthusiast,310.91,6349.67,7966.47,$200-400k,Continuing
201400775,b.fletcher@comcast.net,0.0,0.0,346.66,0.0,2,Casual Visitor,53.76,126.18,539.77,$200-400k,Continuing
201400776,rlyn5@mac.com,0.0,0.0,171.46,0.0,2,Casual Visitor,54.95,126.72,241.46,$100-200k,Continuing
201400777,s.torres@gmx.com,0.0,0.0,133.08,0.0,1,Casual Visitor,41.67,508.54,460.0,Below $100k,Continuing
201400778,adaw13@earthlink.net,0.0,0.0,167.2,0.0,2,Casual Visitor,32.98,141.03,274.27,$200-400k,Continuing
201400779,dmyers7@me.com,0.0,367.38,0.0,0.0,0,Luxury Estate,436.66,323.53,314.25,$400-800k,Continuing
201400780,louw90@hotmail.com,0.0,0.0,466.63,0.0,4,Casual Visitor,61.28,202.4,1347.77,$400-800k,Continuing
201400781,joseph8@cox.net,0.0,0.0,346.77,0.0,2,Casual Visitor,29.82,330.64,474.46,$100-200k,Continuing
201400782,dbro53@cox.net,0.0,0.0,299.73,0.0,2,Casual Visitor,89.96,171.51,335.7,$100-200k,Continuing
201400783,reynoldsj@juno.com,0.0,244.31,0.0,0.0,0,Luxury Estate,350.2,188.42,123.01,$400-800k,Continuing
201400784,acrawford@mac.com,0.0,0.0,246.71,0.0,3,Casual Visitor,31.02,411.75,512.11,$200-400k,Continuing
201400785,rogt33@msn.com,0.0,0.0,51.64,0.0,1,Casual Visitor,14.45,49.03,57.13,$100-200k,Continuing
201400786,domv28@mac.com,0.0,0.0,249.42,0.0,2,Casual Visitor,152.26,221.34,278.48,$200-400k,Continuing
201400787,stevenson5@live.com,0.0,308.29,0.0,0.0,0,Luxury Estate,1939.71,1829.45,181.64,$800-1200k,Continuing
201400788,chawkins1@att.net,0.0,164.75,0.0,0.0,0,Luxury Estate,106.81,189.24,211.29,$800-1200k,Continuing
201400789,k.frey@google.com,0.0,83.73,475.95,0.0,4,Casual Visitor,264.69,1151.13,1100.15,$400-800k,Continuing
201400790,carrolll@hotmail.com,0.0,0.0,95.31,0.0,1,Casual Visitor,37.8,263.08,239.55,Below $100k,Continuing
201400792,davisc@msn.com,0.0,373.47,0.0,0.0,0,Luxury Estate,218.25,583.7,463.31,$800-1200k,Continuing
201400793,donm13@yahoo.com,0.0,0.0,72.11,0.0,1,Casual Visitor,19.28,70.82,85.21,$100-200k,Continuing
201400794,k.miles@charter.net,0.0,0.0,205.42,0.0,2,Casual Visitor,114.75,253.56,270.44,$200-400k,Continuing
201400795,apadilla5@att.net,0.0,0.0,41.02,0.0,1,Casual Visitor,29.41,142.75,125.92,Below $100k,Continuing
201400796,long8@att.net,0.0,0.0,117.04,0.0,3,Casual Visitor,28.1,171.22,210.44,$200-400k,Continuing
201400797,weber4@sbcglobal.net,0.0,0.0,85.45,0.0,3,Casual Visitor,69.59,72.06,139.69,$200-400k,Continuing
201400798,washington3@verizon.net,78.07,154.85,312.51,0.0,1,Wine Enthusiast,1753.94,2920.52,3379.69,$200-400k,Continuing
201400799,daniel3@charter.net,0.0,0.0,99.42,0.0,2,Casual Visitor,53.33,55.63,99.62,$100-200k,Continuing
201400800,c.rogers@bellsouth.net,0.0,0.0,505.74,0.0,3,Casual Visitor,58.15,718.08,992.93,$200-400k,Continuing
201400801,bhun83@aol.com,0.0,0.0,303.92,0.0,3,Casual Visitor,22.33,741.32,543.0,$200-400k,Continuing
201400802,harrise@comcast.net,0.0,0.0,121.06,0.0,3,Casual Visitor,39.53,261.15,194.74,$200-400k,Continuing
201400803,hgon45@juno.com,0.0,0.0,56.49,0.0,1,Wine Enthusiast,38.71,633.52,516.32,$100-200k,Continuing
201400805,hcordova6@googlemail.com,0.0,0.0,305.13,0.0,2,Casual Visitor,38.03,596.13,523.05,$200-400k,Continuing
201400806,hgri11@gmx.com,0.0,0.0,249.31,0.0,3,Casual Visitor,79.14,98.63,394.05,$200-400k,Continuing
201400807,mcarr@gmx.com,0.0,0.0,492.12,0.0,3,Casual Visitor,435.45,743.73,646.22,$200-400k,Continuing
201400808,blankenshipr@live.com,0.0,0.0,137.9,0.0,4,Casual Visitor,88.65,143.97,202.62,$200-400k,Continuing
201400809,ivag89@bellsouth.net,0.0,0.0,79.66,0.0,1,Casual Visitor,45.98,254.71,227.64,Below $100k,Continuing
201400810,w.gomez@earthlink.net,0.0,0.0,0.0,0.0,1,Casual Visitor,34.02,28.72,22.14,$100-200k,Continuing
201400812,vlee26@juno.com,0.0,0.0,358.63,0.0,3,Casual Visitor,138.55,774.3,592.95,$200-400k,Continuing
201400814,m.lee@mac.com,0.0,0.0,288.03,0.0,2,Casual Visitor,126.01,225.26,275.2,$100-200k,Continuing
201400815,singleton6@mac.com,0.0,0.0,355.24,0.0,2,Casual Visitor,50.32,541.0,588.76,$200-400k,Continuing
201400816,rodriguez4@google.com,0.0,0.0,254.48,0.0,2,Casual Visitor,45.93,247.04,326.89,$100-200k,Continuing
201400817,jamt33@mail.com,0.0,251.75,0.0,0.0,0,Luxury Estate,355.5,220.81,215.79,$800-1200k,Continuing
201400818,j.park@msn.com,0.0,0.0,97.79,0.0,3,Casual Visitor,53.72,120.83,119.59,$200-400k,Continuing
201400819,smith7@gmail.com,0.0,0.0,282.5,0.0,2,Casual Visitor,23.69,473.06,350.29,$100-200k,Continuing
201400820,rhawkins2@mail.com,0.0,0.0,171.6,0.0,3,Casual Visitor,41.56,181.13,323.14,$200-400k,Continuing
201400821,jrice@charter.net,0.0,0.0,145.64,0.0,1,Casual Visitor,131.65,233.5,325.29,Below $100k,Continuing
201400822,swright@aol.com,0.0,73.45,733.05,0.0,4,Casual Visitor,32.04,628.7,1997.4,$400-800k,Continuing
201400823,bwri56@mac.com,0.0,0.0,407.97,0.0,3,Casual Visitor,448.38,450.93,524.24,$200-400k,Continuing
201400825,patw45@facebook.com,0.0,0.0,55.43,0.0,2,Casual Visitor,44.11,54.15,60.85,$200-400k,Continuing
201400827,rowlandf@me.com,0.0,0.0,60.93,0.0,1,Wine Enthusiast,185.27,243.28,252.11,$100-200k,Continuing
201400828,barnettm@cox.net,0.0,0.0,99.25,0.0,3,Casual Visitor,216.05,39.18,94.83,$200-400k,Continuing
201400829,perez7@cox.net,0.0,0.0,516.71,0.0,3,Casual Visitor,440.38,565.37,669.23,$200-400k,Continuing
201400830,hgraves@mac.com,0.0,181.85,0.0,0.0,0,Luxury Estate,36.69,329.74,241.77,$400-800k,Continuing
201400831,mbrown@att.net,0.0,0.0,750.47,0.0,4,Casual Visitor,235.18,384.01,1425.33,$200-400k,Continuing
201400834,ewest@aol.com,0.0,0.0,120.84,0.0,1,Casual Visitor,70.11,405.28,345.99,Below $100k,Continuing
201400835,d.johnson@att.net,0.0,0.0,0.0,628.58,0,High Roller,756.66,547.96,507.96,$400-800k,Continuing
201400836,agriffin8@yahoo.com,0.0,0.0,122.2,0.0,2,Casual Visitor,39.33,247.93,211.09,$200-400k,Continuing
201400837,triv12@mac.com,0.0,0.0,108.76,0.0,1,Casual Visitor,65.87,330.93,244.72,Below $100k,Continuing
201400838,m.thomas@facebook.com,0.0,0.0,352.87,0.0,3,Casual Visitor,23.98,804.32,671.11,$200-400k,Continuing
201400839,m.jones@live.com,0.0,0.0,467.48,0.0,3,Casual Visitor,307.48,706.99,618.42,$200-400k,Continuing
201400840,jennings2@mac.com,0.0,0.0,142.12,0.0,1,Casual Visitor,29.06,373.55,518.17,Below $100k,Continuing
201400841,jones2@aol.com,0.0,0.0,204.94,0.0,3,Casual Visitor,227.33,233.18,288.66,$200-400k,Continuing
201400842,lgibson@msn.com,0.0,0.0,0.0,0.0,1,Wine Enthusiast,562.57,246.92,332.88,$200-400k,Continuing
201400843,dayr@yahoo.com,0.0,147.45,0.0,0.0,0,Luxury Estate,37.5,225.48,181.33,$400-800k,Continuing
201400844,davj71@mac.com,0.0,87.57,72.27,0.0,4,Casual Visitor,87.26,227.07,290.18,$400-800k,Continuing
201400845,gomez2@yahoo.com,0.0,0.0,141.24,0.0,1,Casual Visitor,216.28,243.06,267.43,Below $100k,Continuing
201400846,d.moreno@aol.com,0.0,0.0,51.89,0.0,4,Casual Visitor,26.44,87.18,95.77,$200-400k,Continuing
201400848,g.lyons@aol.com,240.77,53.2,328.07,68.2,2,Wine Enthusiast,1656.73,6927.15,6585.76,$400-800k,Continuing
201400849,miranda1@google.com,0.0,0.0,142.04,0.0,1,Casual Visitor,43.2,471.1,421.95,Below $100k,Continuing
201400850,lmue62@comcast.net,0.0,0.0,597.03,0.0,4,Casual Visitor,59.33,573.76,1618.91,$400-800k,Continuing
201400851,greenem@verizon.net,0.0,0.0,258.3,0.0,2,Casual Visitor,133.33,225.12,327.73,$200-400k,Continuing
201400852,jhernandez2@live.com,0.0,0.0,229.84,0.0,3,Casual Visitor,52.07,171.03,444.71,$200-400k,Continuing
201400853,franklins@me.com,0.0,0.0,299.98,0.0,3,Casual Visitor,40.15,153.4,635.98,$200-400k,Continuing
201400855,mitchell5@cox.net,0.0,0.0,262.87,0.0,2,Casual Visitor,349.94,242.54,246.85,$200-400k,Continuing
201400857,ejones@comcast.net,926.98,861.35,1795.83,1050.12,10,High Roller,16902.61,16578.35,4860.02,$1200-1800k,Continuing
201400858,brif51@mail.com,0.0,268.69,0.0,0.0,0,Luxury Estate,309.52,124.5,121.86,$1200-1800k,Continuing
201400859,jjohnson@verizon.net,0.0,0.0,47.65,0.0,1,Casual Visitor,76.98,77.56,77.61,Below $100k,Continuing
201400860,j.ali@msn.com,0.0,292.97,0.0,0.0,0,Luxury Estate,2638.69,1063.62,177.54,$800-1200k,Continuing
201400861,v.kane@juno.com,0.0,0.0,338.73,0.0,2,Casual Visitor,332.85,362.47,364.54,$200-400k,Continuing
201400862,wmcpherson6@me.com,0.0,0.0,303.82,0.0,2,Casual Visitor,32.45,156.49,418.75,$100-200k,Continuing
201400863,burns7@gmail.com,0.0,0.0,99.97,0.0,2,Casual Visitor,34.61,66.24,106.7,$100-200k,Continuing
201400864,myru85@verizon.net,0.0,0.0,304.42,0.0,2,Casual Visitor,586.13,197.08,272.96,$200-400k,Continuing
201400865,sandersk@google.com,0.0,0.0,109.25,0.0,2,Casual Visitor,21.17,198.29,147.68,$100-200k,Continuing
201400866,moorec@bellsouth.net,0.0,0.0,108.07,0.0,2,Casual Visitor,43.04,125.52,172.83,$200-400k,Continuing
201400867,twilliams@google.com,0.0,0.0,323.89,0.0,3,Casual Visitor,146.16,537.82,534.8,$200-400k,Continuing
201400868,msmith@gmail.com,0.0,0.0,0.0,467.15,0,High Roller,946.66,393.64,543.7,$400-800k,Continuing
201400869,tjackson@facebook.com,0.0,0.0,45.98,0.0,1,Casual Visitor,32.4,147.37,144.78,Below $100k,Continuing
201400870,gvin25@cox.net,0.0,373.33,0.0,0.0,0,Luxury Estate,46.58,477.35,459.08,$400-800k,Continuing
201400871,r.vazquez@hotmail.com,0.0,142.69,0.0,0.0,0,Luxury Estate,82.55,302.95,268.15,$800-1200k,Continuing
201400872,syoung@cox.net,0.0,0.0,304.93,0.0,3,Casual Visitor,39.49,787.76,572.83,$200-400k,Continuing
201400874,jodonnell7@mail.com,0.0,0.0,109.61,0.0,2,Casual Visitor,26.71,190.88,182.48,$200-400k,Continuing
201400875,edws33@att.net,0.0,0.0,359.63,0.0,2,Casual Visitor,185.98,323.55,310.65,$100-200k,Continuing
201400877,j.jackson@googlemail.com,0.0,0.0,287.81,0.0,2,Casual Visitor,58.93,519.33,492.27,$200-400k,Continuing
201400878,jgoodman7@comcast.net,0.0,0.0,344.67,0.0,4,Casual Visitor,40.05,1189.23,819.19,$200-400k,Continuing
201400879,mree81@msn.com,0.0,0.0,102.98,0.0,2,Casual Visitor,50.92,51.95,110.52,$100-200k,Continuing
201400880,mher39@bellsouth.net,0.0,0.0,462.14,0.0,3,Casual Visitor,67.86,1021.63,813.31,$200-400k,Continuing
201400882,c.parrish@yahoo.com,0.0,0.0,267.72,0.0,3,Casual Visitor,36.59,258.94,567.0,$200-400k,Continuing
201400884,trose@juno.com,0.0,0.0,79.7,0.0,2,Casual Visitor,39.37,40.26,136.74,$200-400k,Continuing
201400885,danielsm@aol.com,0.0,0.0,156.66,0.0,1,Casual Visitor,59.92,108.81,151.05,$100-200k,Continuing
201400886,hfox9@yahoo.com,0.0,0.0,116.23,0.0,2,Casual Visitor,56.27,98.05,148.46,$200-400k,Continuing
201400887,t.drake@live.com,0.0,0.0,228.82,0.0,3,Casual Visitor,61.57,186.07,370.97,$200-400k,Continuing
201400889,lrogers7@cox.net,0.0,0.0,48.98,0.0,1,Casual Visitor,42.18,79.6,136.1,Below $100k,Continuing
201400891,hayes4@me.com,0.0,0.0,67.43,0.0,2,Casual Visitor,34.98,118.33,116.63,$200-400k,Continuing
201400894,j.hoffman@google.com,0.0,0.0,287.1,0.0,2,Casual Visitor,59.5,516.9,375.41,$100-200k,Continuing
201400895,jeab46@charter.net,0.0,0.0,68.01,0.0,1,Casual Visitor,57.8,134.64,144.19,Below $100k,Continuing
201400896,edww11@earthlink.net,0.0,0.0,350.21,0.0,2,Casual Visitor,58.64,288.86,641.82,$200-400k,Continuing
201400898,jmor21@bellsouth.net,262.22,0.0,192.95,0.0,1,Wine Enthusiast,295.67,3506.09,3667.4,$200-400k,Continuing
201400899,dmorris7@google.com,85.12,112.29,140.33,0.0,4,Casual Visitor,216.02,344.92,551.04,$400-800k,Continuing
201400900,a.alvarado@msn.com,0.0,252.47,0.0,0.0,0,Luxury Estate,1181.39,433.85,188.09,$800-1200k,Continuing
201400901,robg48@gmx.com,0.0,0.0,198.46,0.0,1,Casual Visitor,49.97,285.58,241.14,$100-200k,Continuing
201400902,jmorris1@hotmail.com,0.0,0.0,95.62,0.0,2,Casual Visitor,41.84,54.51,132.13,$200-400k,Continuing
201400903,bmayer8@live.com,0.0,0.0,251.65,0.0,3,Casual Visitor,29.32,578.4,508.05,$200-400k,Continuing
201400904,gneal@gmx.com,0.0,0.0,203.29,0.0,2,Casual Visitor,763.98,229.01,127.18,$200-400k,Continuing
201400906,ljim63@juno.com,0.0,0.0,158.76,0.0,1,Casual Visitor,43.07,131.46,573.19,Below $100k,Continuing
201400907,b.thompson@me.com,0.0,0.0,320.42,0.0,2,Casual Visitor,522.88,286.93,237.26,$200-400k,Continuing
201400908,hayesc@google.com,0.0,0.0,154.13,0.0,1,Wine Enthusiast,2032.72,233.11,439.47,$200-400k,Continuing
201400909,anderson4@verizon.net,0.0,0.0,125.41,0.0,2,Casual Visitor,54.85,85.82,174.89,$200-400k,Continuing
201400910,hgreer2@sbcglobal.net,0.0,0.0,133.97,0.0,2,Casual Visitor,83.23,103.52,146.65,$200-400k,Continuing
201400912,dwhite1@verizon.net,0.0,0.0,123.73,0.0,2,Casual Visitor,28.46,168.38,196.94,$200-400k,Continuing
201400914,rbar70@googlemail.com,0.0,0.0,108.99,0.0,2,Casual Visitor,88.39,95.35,99.77,$100-200k,Continuing
201400915,nink4@live.com,0.0,60.92,230.34,0.0,3,Casual Visitor,73.51,1000.43,700.37,$400-800k,Continuing
201400918,mhof78@sbcglobal.net,0.0,0.0,0.0,0.0,1,Casual Visitor,71.27,61.32,63.96,$100-200k,Continuing
201400919,jenkinsa@mac.com,0.0,67.4,103.82,0.0,4,Casual Visitor,31.06,153.85,444.01,$400-800k,Continuing
201400920,ahernandez7@charter.net,0.0,0.0,294.69,0.0,3,Casual Visitor,25.1,517.17,554.58,$200-400k,Continuing
201400921,rand2@yahoo.com,0.0,0.0,437.01,0.0,3,Casual Visitor,117.71,255.08,694.06,$200-400k,Continuing
201400923,vgar5@gmail.com,0.0,0.0,93.84,0.0,2,Casual Visitor,58.58,109.54,110.94,$200-400k,Continuing
201400924,mper69@sbcglobal.net,0.0,0.0,505.54,0.0,3,Casual Visitor,58.51,927.34,1017.32,$200-400k,Continuing
201400925,antl56@verizon.net,0.0,0.0,452.12,0.0,3,Casual Visitor,29.45,337.04,963.8,$200-400k,Continuing
201400926,j.sutton@juno.com,0.0,0.0,0.0,0.0,2,Casual Visitor,37.32,36.34,35.56,$200-400k,Continuing
201400927,melendez5@googlemail.com,0.0,0.0,304.55,0.0,3,Casual Visitor,47.63,1065.75,730.57,$400-800k,Continuing
201400928,j.bright@facebook.com,0.0,108.51,579.43,0.0,4,Casual Visitor,48.04,223.76,1751.36,$400-800k,Continuing
201400929,htur98@aol.com,0.0,0.0,72.06,0.0,2,Casual Visitor,103.28,69.4,70.71,$200-400k,Continuing
201400931,jtay94@gmail.com,0.0,0.0,198.96,0.0,2,Casual Visitor,103.06,145.47,301.19,$200-400k,Continuing
201400932,scott4@verizon.net,0.0,0.0,98.1,0.0,3,Casual Visitor,32.53,145.43,152.11,$200-400k,Continuing
201400933,garcia1@msn.com,0.0,0.0,43.77,0.0,2,Casual Visitor,21.57,24.0,67.9,$200-400k,Continuing
201400934,mosm40@gmx.com,0.0,282.4,0.0,0.0,0,Luxury Estate,39.37,232.67,526.26,$800-1200k,Continuing
201400935,chrn15@aol.com,0.0,0.0,159.68,0.0,1,Casual Visitor,871.31,148.36,166.88,Below $100k,Continuing
201400937,harh41@googlemail.com,0.0,0.0,530.96,0.0,3,Casual Visitor,23.99,283.95,936.76,$200-400k,Continuing
201400938,micm7@googlemail.com,0.0,0.0,254.85,0.0,2,Casual Visitor,234.57,233.88,231.69,$200-400k,Continuing
201400939,lutza@cox.net,0.0,0.0,282.54,0.0,2,Casual Visitor,45.45,149.58,437.43,$200-400k,Continuing
201400940,f.palmer@earthlink.net,0.0,206.57,0.0,0.0,0,Luxury Estate,99.76,340.77,329.99,$800-1200k,Continuing
201400941,sberger3@juno.com,0.0,0.0,180.07,0.0,1,Casual Visitor,69.3,100.88,485.53,Below $100k,Continuing
201400942,julm72@sbcglobal.net,0.0,0.0,76.69,0.0,4,Casual Visitor,21.03,31.13,151.5,$200-400k,Continuing
201400944,donm73@me.com,0.0,0.0,479.59,0.0,3,Casual Visitor,142.8,225.22,725.45,$200-400k,Continuing
201400945,m.gutierrez@me.com,0.0,61.28,205.04,0.0,4,Casual Visitor,63.07,181.21,548.8,$400-800k,Continuing
201400946,atay55@gmx.com,0.0,0.0,493.07,0.0,4,Casual Visitor,1181.49,734.22,511.84,$200-400k,Continuing
201400947,smith9@bellsouth.net,0.0,0.0,316.11,0.0,2,Casual Visitor,285.45,297.09,362.55,$200-400k,Continuing
201400948,patg96@gmail.com,0.0,0.0,229.34,0.0,3,Casual Visitor,30.3,555.73,459.48,$200-400k,Continuing
201400950,c.hill@cox.net,0.0,394.07,0.0,0.0,0,Luxury Estate,345.16,563.41,492.72,$800-1200k,Continuing
201400951,odomj@gmx.com,100.41,0.0,421.08,0.0,4,Casual Visitor,41.67,896.32,1219.82,$400-800k,Continuing
201400952,mezaj@gmail.com,146.45,0.0,180.2,0.0,1,Wine Enthusiast,1883.59,1235.01,1199.9,$200-400k,Continuing
201400953,nlee87@facebook.com,0.0,0.0,32.86,0.0,3,Casual Visitor,28.74,81.57,69.77,$200-400k,Continuing
201400954,ingram6@gmx.com,0.0,0.0,349.04,0.0,2,Casual Visitor,75.0,585.94,475.46,$100-200k,Continuing
201400955,wjones@yahoo.com,0.0,0.0,26.17,0.0,1,Casual Visitor,32.28,37.67,80.81,Below $100k,Continuing
201400956,e.young@mail.com,0.0,0.0,147.85,0.0,1,Casual Visitor,50.16,180.51,533.41,Below $100k,Continuing
201400957,cmathis2@hotmail.com,0.0,0.0,274.8,0.0,2,Casual Visitor,43.45,227.52,372.21,$100-200k,Continuing
201400958,jrodriguez@juno.com,0.0,0.0,159.97,0.0,1,Casual Visitor,95.98,270.82,381.59,Below $100k,Continuing
201400960,jedwards5@earthlink.net,0.0,0.0,374.55,0.0,3,Casual Visitor,637.61,622.64,353.93,$200-400k,Continuing
201400961,stac33@verizon.net,0.0,0.0,0.0,116.92,0,High Roller,76.12,176.44,176.75,$400-800k,Continuing
201400962,ortizi@msn.com,0.0,0.0,174.69,0.0,2,Casual Visitor,305.83,125.9,134.67,$200-400k,Continuing
201400964,rwri13@mac.com,0.0,0.0,88.48,0.0,2,Casual Visitor,55.91,57.34,74.19,$100-200k,Continuing
201400965,mmorris8@bellsouth.net,2150.01,253.04,870.56,129.39,10,Wine Enthusiast,14506.82,33920.67,36053.94,$800-1200k,Continuing
201400966,pdavis@juno.com,0.0,0.0,226.39,0.0,2,Casual Visitor,21.54,328.58,287.9,$100-200k,Continuing
201400967,alvarezf@verizon.net,0.0,0.0,451.24,0.0,3,Casual Visitor,2026.82,1038.79,269.31,$200-400k,Continuing
201400968,gfor19@mail.com,0.0,0.0,0.0,409.14,0,High Roller,108.58,392.59,574.56,$400-800k,Continuing
201400969,mcra85@aol.com,0.0,0.0,47.12,0.0,2,Casual Visitor,22.53,41.89,65.57,$100-200k,Continuing
201400970,suel51@earthlink.net,0.0,0.0,202.41,0.0,2,Casual Visitor,66.4,137.58,267.12,$200-400k,Continuing
201400971,pallen@cox.net,0.0,0.0,345.91,0.0,3,Casual Visitor,139.22,403.34,512.78,$200-400k,Continuing
201400974,ingram1@live.com,0.0,0.0,178.55,0.0,1,Casual Visitor,96.58,263.33,370.85,Below $100k,Continuing
201400975,lbrown2@aol.com,192.92,70.09,372.64,0.0,1,Wine Enthusiast,5718.11,2173.78,2124.1,$200-400k,Continuing
201400976,wagner9@live.com,0.0,0.0,0.0,478.34,0,High Roller,670.93,664.26,420.42,$400-800k,Continuing
201400977,brownr@juno.com,0.0,0.0,285.73,0.0,2,Casual Visitor,119.94,503.39,402.29,$200-400k,Continuing
201400979,b.riley@cox.net,0.0,0.0,367.54,0.0,3,Casual Visitor,352.17,400.01,624.84,$400-800k,Continuing
201400980,tkelley1@mac.com,0.0,0.0,37.35,0.0,2,Casual Visitor,50.86,27.56,23.07,$100-200k,Continuing
201400981,mweaver@gmx.com,0.0,0.0,40.35,0.0,2,Casual Visitor,37.87,48.25,47.16,$200-400k,Continuing
201400982,cardenas1@gmail.com,0.0,0.0,84.26,0.0,2,Casual Visitor,35.87,105.31,152.85,$200-400k,Continuing
201400983,sams20@me.com,0.0,0.0,219.73,0.0,3,Casual Visitor,60.38,297.48,334.39,$200-400k,Continuing
201400984,shepherdc@juno.com,0.0,0.0,502.73,0.0,3,Casual Visitor,229.74,629.89,689.65,$200-400k,Continuing
201400985,egra30@charter.net,0.0,0.0,24.0,0.0,3,Casual Visitor,34.21,34.06,33.13,$200-400k,Continuing
201400986,k.austin@google.com,0.0,0.0,0.0,83.15,0,High Roller,169.56,60.21,92.22,$400-800k,Continuing
201400987,mhar27@live.com,0.0,0.0,0.0,0.0,2,Casual Visitor,102.89,79.77,78.2,$100-200k,Continuing
201400989,jwalker2@yahoo.com,0.0,0.0,24.0,0.0,1,Casual Visitor,34.88,56.38,55.58,Below $100k,Continuing
201400990,willisw@live.com,0.0,0.0,146.22,0.0,1,Casual Visitor,177.65,109.94,75.52,$100-200k,Continuing
201400991,hmor26@comcast.net,0.0,0.0,36.74,0.0,3,Casual Visitor,49.87,66.31,61.23,$200-400k,Continuing
201400993,robertson9@bellsouth.net,0.0,0.0,0.0,582.87,0,High Roller,495.19,725.73,659.11,$400-800k,Continuing
201400994,woods2@earthlink.net,0.0,282.68,0.0,0.0,0,Luxury Estate,5533.84,146.16,72.79,$400-800k,Continuing
